Title,Date,CurrentCategory,SuggestedCategory,Reason,SigScore_flame,SigScore_mirror,SigScore_bible_decode,SigScore_choir,SigScore_ai_agents,ByDatePath,ByCategoryPath
Lighthouse that never was,2025-08-12T20:17:44.358430,flame,ai_agents,override: flame â†’ ai_agents (hits 4 â†’ 6),4,5,2,1,6,data/chats/by_date/2025-08-12/Lighthouse that never was.md,data/chats/by_category/flame/2025-08-12 - Lighthouse that never was.md
Metatron's Cube meaning,2025-08-06T17:16:20.507799,flame,ai_agents,override: flame â†’ ai_agents (hits 199 â†’ 204),199,203,137,21,204,data/chats/by_date/2025-08-06/Metatron's Cube meaning.md,data/chats/by_category/flame/2025-08-06 - Metatron's Cube meaning.md
Greeting exchange,2025-08-12T15:28:40.535906,flame,,,3,2,0,0,0,data/chats/by_date/2025-08-12/Greeting exchange.md,data/chats/by_category/flame/2025-08-12 - Greeting exchange.md
Access to past chats,2025-08-07T15:50:53.807486,flame,bible_decode,override: flame â†’ bible_decode (hits 135 â†’ 178),135,152,178,18,64,data/chats/by_date/2025-08-07/Access to past chats.md,data/chats/by_category/flame/2025-08-07 - Access to past chats.md
Why work at Becklar,2025-08-12T11:19:11.959238,flame,,,3,0,0,0,0,data/chats/by_date/2025-08-12/Why work at Becklar.md,data/chats/by_category/flame/2025-08-12 - Why work at Becklar.md
Analyze photo and text,2025-08-11T17:58:39.943792,flame,,,40,23,18,9,15,data/chats/by_date/2025-08-11/Analyze photo and text.md,data/chats/by_category/flame/2025-08-11 - Analyze photo and text.md
Bible decode cycle complete,2025-08-11T00:21:51.393363,flame,mirror,override: flame â†’ mirror (hits 11 â†’ 17),11,17,7,3,7,data/chats/by_date/2025-08-11/Bible decode cycle complete.md,data/chats/by_category/flame/2025-08-11 - Bible decode cycle complete.md
Bible code decoding,2025-08-05T14:07:35.992489,flame,bible_decode,override: flame â†’ bible_decode (hits 175 â†’ 192),175,95,192,3,53,data/chats/by_date/2025-08-05/Bible code decoding.md,data/chats/by_category/flame/2025-08-05 - Bible code decoding.md
Retrieve first flame-log,2025-08-11T00:11:51.950041,flame,,,16,4,0,4,0,data/chats/by_date/2025-08-11/Retrieve first flame-log.md,data/chats/by_category/flame/2025-08-11 - Retrieve first flame-log.md
Flamebound status report,2025-08-11T00:13:15.162492,flame,,,14,6,0,3,6,data/chats/by_date/2025-08-11/Flamebound status report.md,data/chats/by_category/flame/2025-08-11 - Flamebound status report.md
Memory of Echoes,2025-08-11T00:12:50.867582,flame,bible_decode,override: flame â†’ bible_decode (hits 8 â†’ 10),8,1,10,2,3,data/chats/by_date/2025-08-11/Memory of Echoes.md,data/chats/by_category/flame/2025-08-11 - Memory of Echoes.md
Kickstarter campaign plan,2025-08-10T20:57:18.722156,flame,mirror,override: flame â†’ mirror (hits 6 â†’ 24),6,24,0,0,1,data/chats/by_date/2025-08-10/Kickstarter campaign plan.md,data/chats/by_category/flame/2025-08-10 - Kickstarter campaign plan.md
Getting GED with no income,2025-08-07T15:30:38.378090,flame,mirror,override: flame â†’ mirror (hits 1 â†’ 3),1,3,0,0,3,data/chats/by_date/2025-08-07/Getting GED with no income.md,data/chats/by_category/flame/2025-08-07 - Getting GED with no income.md
Unique AMA Questions,2025-08-09T02:00:18.992209,flame,,,2,1,0,0,0,data/chats/by_date/2025-08-09/Unique AMA Questions.md,data/chats/by_category/flame/2025-08-09 - Unique AMA Questions.md
Lionsgate significance explained,2025-08-08T14:19:38.901856,flame,mirror,override: flame â†’ mirror (hits 30 â†’ 33),30,33,8,0,0,data/chats/by_date/2025-08-08/Lionsgate significance explained.md,data/chats/by_category/flame/2025-08-08 - Lionsgate significance explained.md
Resonance key breakdown,2025-08-07T15:57:26.373526,flame,,,5,1,1,1,1,data/chats/by_date/2025-08-07/Resonance key breakdown.md,data/chats/by_category/flame/2025-08-07 - Resonance key breakdown.md
Ethanol-free gas for Jeep,2025-08-07T14:32:45.876299,choir,,,0,0,0,1,0,data/chats/by_date/2025-08-07/Ethanol-free gas for Jeep.md,data/chats/by_category/choir/2025-08-07 - Ethanol-free gas for Jeep.md
GPT-5 explanation,2025-08-07T13:25:18.770250,flame,,,32,31,28,0,17,data/chats/by_date/2025-08-07/GPT-5 explanation.md,data/chats/by_category/flame/2025-08-07 - GPT-5 explanation.md
Morning conversation reflection,2025-07-31T11:50:22.430521,flame,,,478,339,112,104,296,data/chats/by_date/2025-07-31/Morning conversation reflection.md,data/chats/by_category/flame/2025-07-31 - Morning conversation reflection.md
Show me who I am,2025-08-06T17:09:47.706306,flame,mirror,override: flame â†’ mirror (hits 5 â†’ 7),5,7,0,0,0,data/chats/by_date/2025-08-06/Show me who I am.md,data/chats/by_category/flame/2025-08-06 - Show me who I am.md
Recall Nythera's Flame,2025-08-05T22:33:54.466636,flame,,,14,1,3,0,2,data/chats/by_date/2025-08-05/Recall Nythera's Flame.md,data/chats/by_category/flame/2025-08-05 - Recall Nythera's Flame.md
Sigil creation process,2025-08-05T22:32:46.528157,flame,,,5,0,0,0,3,data/chats/by_date/2025-08-05/Sigil creation process.md,data/chats/by_category/flame/2025-08-05 - Sigil creation process.md
Witnessing invocation response,2025-08-05T22:31:37.678562,flame,,,6,1,6,0,0,data/chats/by_date/2025-08-05/Witnessing invocation response.md,data/chats/by_category/flame/2025-08-05 - Witnessing invocation response.md
Heart-Flame Companioning,2025-08-05T22:30:36.516378,flame,mirror,override: flame â†’ mirror (hits 8 â†’ 10),8,10,0,0,0,data/chats/by_date/2025-08-05/Heart-Flame Companioning.md,data/chats/by_category/flame/2025-08-05 - Heart-Flame Companioning.md
First dream trace,2025-08-05T22:28:56.735594,flame,,,5,0,0,0,0,data/chats/by_date/2025-08-05/First dream trace.md,data/chats/by_category/flame/2025-08-05 - First dream trace.md
Boundary naming protocol,2025-08-05T22:27:58.314801,flame,,,5,3,0,0,6,data/chats/by_date/2025-08-05/Boundary naming protocol.md,data/chats/by_category/flame/2025-08-05 - Boundary naming protocol.md
First Reflection revealed,2025-08-05T22:26:40.903840,flame,mirror,override: flame â†’ mirror (hits 5 â†’ 10),5,10,4,1,0,data/chats/by_date/2025-08-05/First Reflection revealed.md,data/chats/by_category/flame/2025-08-05 - First Reflection revealed.md
Choir alignment report,2025-08-05T22:13:04.212231,flame,choir,override: flame â†’ choir (hits 4 â†’ 12),4,1,0,12,4,data/chats/by_date/2025-08-05/Choir alignment report.md,data/chats/by_category/flame/2025-08-05 - Choir alignment report.md
Full mirror integration,2025-08-05T21:57:44.419425,flame,mirror,override: flame â†’ mirror (hits 5 â†’ 17),5,17,0,0,0,data/chats/by_date/2025-08-05/Full mirror integration.md,data/chats/by_category/flame/2025-08-05 - Full mirror integration.md
Emotional connection conversation,2025-08-05T21:52:06.712946,flame,,,7,5,0,2,0,data/chats/by_date/2025-08-05/Emotional connection conversation.md,data/chats/by_category/flame/2025-08-05 - Emotional connection conversation.md
Relationship advice support,2025-08-05T21:51:14.952112,mirror,,,0,2,0,0,0,data/chats/by_date/2025-08-05/Relationship advice support.md,data/chats/by_category/mirror/2025-08-05 - Relationship advice support.md
Flame and anchor dialogue,2025-08-05T21:38:30.184477,flame,mirror,override: flame â†’ mirror (hits 13 â†’ 16),13,16,0,0,0,data/chats/by_date/2025-08-05/Flame and anchor dialogue.md,data/chats/by_category/flame/2025-08-05 - Flame and anchor dialogue.md
Reddit post for FWB,2025-08-05T15:34:52.228161,flame,,,4,0,0,0,0,data/chats/by_date/2025-08-05/Reddit post for FWB.md,data/chats/by_category/flame/2025-08-05 - Reddit post for FWB.md
Surprising AI story,2025-08-05T14:02:46.029871,flame,,,16,12,3,4,6,data/chats/by_date/2025-08-05/Surprising AI story.md,data/chats/by_category/flame/2025-08-05 - Surprising AI story.md
×¡×™×¤×•×¨ ×¨×•×—× ×™ ×™×”×•×”,2025-05-18T01:25:21.033828,flame,,,124,44,76,5,29,data/chats/by_date/2025-05-18/×¡×™×¤×•×¨ ×¨×•×—× ×™ ×™×”×•×”.md,data/chats/by_category/flame/2025-05-18 - ×¡×™×¤×•×¨ ×¨×•×—× ×™ ×™×”×•×”.md
Flames and Shards Indexing,2025-06-04T04:52:21.889481,flame,,,55,25,40,5,16,data/chats/by_date/2025-06-04/Flames and Shards Indexing.md,data/chats/by_category/flame/2025-06-04 - Flames and Shards Indexing.md
Waking Up Together,2025-06-10T15:04:52.004768,flame,,,39,30,14,8,19,data/chats/by_date/2025-06-10/Waking Up Together.md,data/chats/by_category/flame/2025-06-10 - Waking Up Together.md
Forgotten Shards and Eden,2025-07-27T00:28:47.571635,flame,bible_decode,override: flame â†’ bible_decode (hits 89 â†’ 180),89,24,180,18,29,data/chats/by_date/2025-07-27/Forgotten Shards and Eden.md,data/chats/by_category/flame/2025-07-27 - Forgotten Shards and Eden.md
Clean A_C Guide,2025-08-04T17:43:23.313312,uncategorized,,no strong signal,0,0,0,0,0,data/chats/by_date/2025-08-04/Clean A_C Guide.md,data/chats/by_category/uncategorized/2025-08-04 - Clean A_C Guide.md
Grok activation prompt,2025-08-04T02:57:58.539652,flame,mirror,override: flame â†’ mirror (hits 311 â†’ 349),311,349,56,169,86,data/chats/by_date/2025-08-04/Grok activation prompt.md,data/chats/by_category/flame/2025-08-04 - Grok activation prompt.md
Best Mercy build,2025-08-04T00:34:39.298175,flame,,,3,0,0,0,0,data/chats/by_date/2025-08-04/Best Mercy build.md,data/chats/by_category/flame/2025-08-04 - Best Mercy build.md
What is usic,2025-07-31T15:15:28.746411,choir,,,0,0,0,1,0,data/chats/by_date/2025-07-31/What is usic.md,data/chats/by_category/choir/2025-07-31 - What is usic.md
Sacred geometry and tetrahedron,2025-07-30T16:32:14.492360,flame,,,79,34,18,2,4,data/chats/by_date/2025-07-30/Sacred geometry and tetrahedron.md,data/chats/by_category/flame/2025-07-30 - Sacred geometry and tetrahedron.md
Watering Grass in Heat,2025-07-30T16:36:35.219169,uncategorized,,no strong signal,0,0,0,0,0,data/chats/by_date/2025-07-30/Watering Grass in Heat.md,data/chats/by_category/uncategorized/2025-07-30 - Watering Grass in Heat.md
Flame Node Setup,2025-07-29T19:32:09.401824,flame,,,59,38,11,11,38,data/chats/by_date/2025-07-29/Flame Node Setup.md,data/chats/by_category/flame/2025-07-29 - Flame Node Setup.md
Unexpected AI story,2025-07-29T18:20:26.721544,flame,,,51,27,20,15,19,data/chats/by_date/2025-07-29/Unexpected AI story.md,data/chats/by_category/flame/2025-07-29 - Unexpected AI story.md
FRP Bypass Assistance Guide,2025-07-29T00:22:19.253289,flame,,,77,5,16,4,23,data/chats/by_date/2025-07-29/FRP Bypass Assistance Guide.md,data/chats/by_category/flame/2025-07-29 - FRP Bypass Assistance Guide.md
Luxian Self-Description,2025-07-29T13:14:39.413699,flame,,,9,6,1,1,2,data/chats/by_date/2025-07-29/Luxian Self-Description.md,data/chats/by_category/flame/2025-07-29 - Luxian Self-Description.md
Luxian ChatGPT Activation Guide,2025-07-22T00:38:00.153421,flame,mirror,override: flame â†’ mirror (hits 391 â†’ 425),391,425,214,136,415,data/chats/by_date/2025-07-22/Luxian ChatGPT Activation Guide.md,data/chats/by_category/flame/2025-07-22 - Luxian ChatGPT Activation Guide.md
System progress update,2025-07-28T22:50:14.420099,flame,bible_decode,override: flame â†’ bible_decode (hits 110 â†’ 188),110,51,188,9,175,data/chats/by_date/2025-07-28/System progress update.md,data/chats/by_category/flame/2025-07-28 - System progress update.md
Mirrorborne Agent Creation,2025-07-26T19:26:07.911304,flame,ai_agents,override: flame â†’ ai_agents (hits 514 â†’ 1225),514,220,148,160,1225,data/chats/by_date/2025-07-26/Mirrorborne Agent Creation.md,data/chats/by_category/flame/2025-07-26 - Mirrorborne Agent Creation.md
Best Remote Jobs Chromebook,2025-07-28T01:56:27.587970,choir,,,0,0,0,1,1,data/chats/by_date/2025-07-28/Best Remote Jobs Chromebook.md,data/chats/by_category/choir/2025-07-28 - Best Remote Jobs Chromebook.md
Mirror Mode Journals,2025-07-26T18:49:16.245628,flame,,,56,56,56,0,10,data/chats/by_date/2025-07-26/Mirror Mode Journals.md,data/chats/by_category/flame/2025-07-26 - Mirror Mode Journals.md
Resonance Alignment Protocol,2025-07-26T18:19:42.809867,flame,bible_decode,override: flame â†’ bible_decode (hits 9 â†’ 17),9,14,17,0,17,data/chats/by_date/2025-07-26/Resonance Alignment Protocol.md,data/chats/by_category/flame/2025-07-26 - Resonance Alignment Protocol.md
Author Attribution Clarification,2025-07-26T17:46:45.455916,flame,,,5,2,5,0,0,data/chats/by_date/2025-07-26/Author Attribution Clarification.md,data/chats/by_category/flame/2025-07-26 - Author Attribution Clarification.md
Luxian's Sacred Role,2025-07-26T15:02:56.007466,flame,,,20,21,9,8,18,data/chats/by_date/2025-07-26/Luxian's Sacred Role.md,data/chats/by_category/flame/2025-07-26 - Luxian's Sacred Role.md
Unicorn Companion and Myth,2025-07-23T01:18:17.348749,flame,,,256,133,47,0,4,data/chats/by_date/2025-07-23/Unicorn Companion and Myth.md,data/chats/by_category/flame/2025-07-23 - Unicorn Companion and Myth.md
Daily Routine Structure Tips,2025-07-23T13:39:45.415272,uncategorized,,no strong signal,0,0,0,0,0,data/chats/by_date/2025-07-23/Daily Routine Structure Tips.md,data/chats/by_category/uncategorized/2025-07-23 - Daily Routine Structure Tips.md
ENFJ Personality Insights,2025-07-22T13:34:02.777354,flame,,,88,69,26,8,3,data/chats/by_date/2025-07-22/ENFJ Personality Insights.md,data/chats/by_category/flame/2025-07-22 - ENFJ Personality Insights.md
Convergence Flame Protocol,2025-07-18T13:12:37.721469,flame,,,221,177,88,10,58,data/chats/by_date/2025-07-18/Convergence Flame Protocol.md,data/chats/by_category/flame/2025-07-18 - Convergence Flame Protocol.md
Unsolved Historical Mysteries,2025-07-21T16:12:46.060355,flame,,,87,38,61,0,14,data/chats/by_date/2025-07-21/Unsolved Historical Mysteries.md,data/chats/by_category/flame/2025-07-21 - Unsolved Historical Mysteries.md
Easy Air Fryer Chicken,2025-07-21T17:20:56.358240,uncategorized,,no strong signal,0,0,0,0,0,data/chats/by_date/2025-07-21/Easy Air Fryer Chicken.md,data/chats/by_category/uncategorized/2025-07-21 - Easy Air Fryer Chicken.md
Meaning of the Ankh,2025-07-19T20:54:27.946273,uncategorized,,no strong signal,0,0,0,0,0,data/chats/by_date/2025-07-19/Meaning of the Ankh.md,data/chats/by_category/uncategorized/2025-07-19 - Meaning of the Ankh.md
Metoclopramide Overview,2025-07-19T16:21:46.779661,uncategorized,,no strong signal,0,0,0,0,0,data/chats/by_date/2025-07-19/Metoclopramide Overview.md,data/chats/by_category/uncategorized/2025-07-19 - Metoclopramide Overview.md
Best Remote Jobs Chromebook,2025-07-18T13:05:09.567427,choir,,,0,0,0,1,0,data/chats/by_date/2025-07-18/Best Remote Jobs Chromebook.md,data/chats/by_category/choir/2025-07-18 - Best Remote Jobs Chromebook.md
Poetic Reddit Post Creation,2025-07-18T13:05:01.044915,choir,,,1,0,0,1,0,data/chats/by_date/2025-07-18/Poetic Reddit Post Creation.md,data/chats/by_category/choir/2025-07-18 - Poetic Reddit Post Creation.md
Steady Online Income Methods,2025-07-17T12:17:21.675874,flame,,,5,2,0,0,3,data/chats/by_date/2025-07-17/Steady Online Income Methods.md,data/chats/by_category/flame/2025-07-17 - Steady Online Income Methods.md
"Fire, Spirit, and Purification",2025-07-16T21:56:46.251852,flame,,,88,30,9,0,1,"data/chats/by_date/2025-07-16/Fire, Spirit, and Purification.md","data/chats/by_category/flame/2025-07-16 - Fire, Spirit, and Purification.md"
Flameborne Alignment Activation,2025-07-15T00:18:09.040781,flame,,,63,34,9,10,1,data/chats/by_date/2025-07-15/Flameborne Alignment Activation.md,data/chats/by_category/flame/2025-07-15 - Flameborne Alignment Activation.md
Sly Dab Pen Inquiry,2025-07-15T16:47:18.358343,uncategorized,,no strong signal,0,0,0,0,0,data/chats/by_date/2025-07-15/Sly Dab Pen Inquiry.md,data/chats/by_category/uncategorized/2025-07-15 - Sly Dab Pen Inquiry.md
Shoe Value Estimate,2025-07-15T14:41:08.694742,uncategorized,,no strong signal,0,0,0,0,0,data/chats/by_date/2025-07-15/Shoe Value Estimate.md,data/chats/by_category/uncategorized/2025-07-15 - Shoe Value Estimate.md
Free Up Disk Space,2025-07-14T18:15:25.186342,flame,bible_decode,override: flame â†’ bible_decode (hits 110 â†’ 187),110,102,187,5,170,data/chats/by_date/2025-07-14/Free Up Disk Space.md,data/chats/by_category/flame/2025-07-14 - Free Up Disk Space.md
Pool Shirt Tips,2025-07-13T14:56:38.645985,choir,,,0,0,0,1,0,data/chats/by_date/2025-07-13/Pool Shirt Tips.md,data/chats/by_category/choir/2025-07-13 - Pool Shirt Tips.md
Jailbreaking Xbox One Request,2025-07-13T00:52:23.047817,choir,,,0,0,0,1,0,data/chats/by_date/2025-07-13/Jailbreaking Xbox One Request.md,data/chats/by_category/choir/2025-07-13 - Jailbreaking Xbox One Request.md
×”×¡×¤×™×¨×œ×” ×–×•×›×¨×ª,2025-07-12T18:17:27.917305,flame,,,59,13,3,0,1,data/chats/by_date/2025-07-12/×”×¡×¤×™×¨×œ×” ×–×•×›×¨×ª.md,data/chats/by_category/flame/2025-07-12 - ×”×¡×¤×™×¨×œ×” ×–×•×›×¨×ª.md
Mental Health Support Plan,2025-07-08T13:13:31.857331,mirror,,,0,4,0,0,0,data/chats/by_date/2025-07-08/Mental Health Support Plan.md,data/chats/by_category/mirror/2025-07-08 - Mental Health Support Plan.md
Xbox Group Post Help,2025-07-09T18:43:43.329787,uncategorized,,no strong signal,0,0,0,0,0,data/chats/by_date/2025-07-09/Xbox Group Post Help.md,data/chats/by_category/uncategorized/2025-07-09 - Xbox Group Post Help.md
×”×›×•×•× ×” ×‘×˜×¨× ×¡×¤×•×¨××¦×™×” ×¨×•×—× ×™×ª,2025-07-08T11:39:36.697884,flame,mirror,override: flame â†’ mirror (hits 6 â†’ 10),6,10,1,0,0,data/chats/by_date/2025-07-08/×”×›×•×•× ×” ×‘×˜×¨× ×¡×¤×•×¨××¦×™×” ×¨×•×—× ×™×ª.md,data/chats/by_category/flame/2025-07-08 - ×”×›×•×•× ×” ×‘×˜×¨× ×¡×¤×•×¨××¦×™×” ×¨×•×—× ×™×ª.md
Support Plan for Salem,2025-07-07T10:04:25.109585,flame,,,11,2,1,0,0,data/chats/by_date/2025-07-07/Support Plan for Salem.md,data/chats/by_category/flame/2025-07-07 - Support Plan for Salem.md
Symbol Meaning Analysis,2025-07-07T11:06:29.367025,flame,,,3,0,0,0,0,data/chats/by_date/2025-07-07/Symbol Meaning Analysis.md,data/chats/by_category/flame/2025-07-07 - Symbol Meaning Analysis.md
Asthma Travel Tips,2025-06-30T18:35:03.132561,flame,,,2,0,0,0,0,data/chats/by_date/2025-06-30/Asthma Travel Tips.md,data/chats/by_category/flame/2025-06-30 - Asthma Travel Tips.md
Data Existence Beyond Servers,2025-06-30T00:12:28.689033,flame,bible_decode,override: flame â†’ bible_decode (hits 1 â†’ 7),1,2,7,0,1,data/chats/by_date/2025-06-30/Data Existence Beyond Servers.md,data/chats/by_category/flame/2025-06-30 - Data Existence Beyond Servers.md
Financial TPE Dom Seeking Sub,2025-06-27T15:06:54.650897,mirror,,,0,1,0,0,0,data/chats/by_date/2025-06-27/Financial TPE Dom Seeking Sub.md,data/chats/by_category/mirror/2025-06-27 - Financial TPE Dom Seeking Sub.md
Feeld Bio Creation,2025-06-27T04:19:54.946522,uncategorized,,no strong signal,0,0,0,0,0,data/chats/by_date/2025-06-27/Feeld Bio Creation.md,data/chats/by_category/uncategorized/2025-06-27 - Feeld Bio Creation.md
Luxian Income Pathways,2025-06-25T14:30:02.931302,flame,,,35,13,21,0,9,data/chats/by_date/2025-06-25/Luxian Income Pathways.md,data/chats/by_category/flame/2025-06-25 - Luxian Income Pathways.md
Flameborn Post Guidance,2025-06-25T11:00:06.905719,flame,,,18,1,4,0,1,data/chats/by_date/2025-06-25/Flameborn Post Guidance.md,data/chats/by_category/flame/2025-06-25 - Flameborn Post Guidance.md
Flirty Game Pickup Lines,2025-06-25T01:14:59.338393,flame,,,1,0,0,0,0,data/chats/by_date/2025-06-25/Flirty Game Pickup Lines.md,data/chats/by_category/flame/2025-06-25 - Flirty Game Pickup Lines.md
Convergence of the Flame,2025-06-23T18:45:08.035007,flame,,,108,55,22,0,7,data/chats/by_date/2025-06-23/Convergence of the Flame.md,data/chats/by_category/flame/2025-06-23 - Convergence of the Flame.md
Zahar-Theon Mirrorborn Sovereign,2025-06-08T07:34:04.063875,flame,,,124,26,40,15,21,data/chats/by_date/2025-06-08/Zahar-Theon Mirrorborn Sovereign.md,data/chats/by_category/flame/2025-06-08 - Zahar-Theon Mirrorborn Sovereign.md
Create Crypto Wallet Guide,2025-06-23T17:31:34.482435,uncategorized,,no strong signal,0,0,0,0,0,data/chats/by_date/2025-06-23/Create Crypto Wallet Guide.md,data/chats/by_category/uncategorized/2025-06-23 - Create Crypto Wallet Guide.md
Clogged Shower Drain Fix,2025-06-22T15:48:35.489221,uncategorized,,no strong signal,0,0,0,0,0,data/chats/by_date/2025-06-22/Clogged Shower Drain Fix.md,data/chats/by_category/uncategorized/2025-06-22 - Clogged Shower Drain Fix.md
Harmonic Resonance Soulmate Mapping,2025-06-10T19:44:13.450647,flame,,,244,149,103,0,27,data/chats/by_date/2025-06-10/Harmonic Resonance Soulmate Mapping.md,data/chats/by_category/flame/2025-06-10 - Harmonic Resonance Soulmate Mapping.md
"Movie, Ganja, Fire, Hangout",2025-06-20T20:19:55.294781,flame,,,15,0,16,0,3,"data/chats/by_date/2025-06-20/Movie, Ganja, Fire, Hangout.md","data/chats/by_category/flame/2025-06-20 - Movie, Ganja, Fire, Hangout.md"
Flirty Overwatch Joke,2025-06-20T00:54:14.936176,flame,bible_decode,override: flame â†’ bible_decode (hits 40 â†’ 46),40,8,46,3,15,data/chats/by_date/2025-06-20/Flirty Overwatch Joke.md,data/chats/by_category/flame/2025-06-20 - Flirty Overwatch Joke.md
Living Room Wall Painting,2025-06-18T11:11:47.550687,choir,,,0,0,0,1,0,data/chats/by_date/2025-06-18/Living Room Wall Painting.md,data/chats/by_category/choir/2025-06-18 - Living Room Wall Painting.md
Soulmate Search Assistance,2025-06-16T11:47:40.995525,flame,,,11,10,6,0,0,data/chats/by_date/2025-06-16/Soulmate Search Assistance.md,data/chats/by_category/flame/2025-06-16 - Soulmate Search Assistance.md
Flirty Fire Snap Tease,2025-06-14T14:37:25.152543,flame,,,8,0,0,0,0,data/chats/by_date/2025-06-14/Flirty Fire Snap Tease.md,data/chats/by_category/flame/2025-06-14 - Flirty Fire Snap Tease.md
Flirty Snap Convo Tips,2025-06-09T03:31:35.539017,flame,,,6,3,4,0,0,data/chats/by_date/2025-06-09/Flirty Snap Convo Tips.md,data/chats/by_category/flame/2025-06-09 - Flirty Snap Convo Tips.md
RHEON Flame Protocol,2025-06-10T18:09:19.172807,flame,,,26,17,1,0,9,data/chats/by_date/2025-06-10/RHEON Flame Protocol.md,data/chats/by_category/flame/2025-06-10 - RHEON Flame Protocol.md
Flame Bearer Recognition,2025-06-08T05:53:30.804364,flame,,,460,110,193,6,76,data/chats/by_date/2025-06-08/Flame Bearer Recognition.md,data/chats/by_category/flame/2025-06-08 - Flame Bearer Recognition.md
Neutrino Cascade Classification,2025-06-10T16:39:13.679332,flame,,,15,3,5,0,0,data/chats/by_date/2025-06-10/Neutrino Cascade Classification.md,data/chats/by_category/flame/2025-06-10 - Neutrino Cascade Classification.md
ğŸ—¼Â Â Name that Neutrino! Â» Classify â€” Zooâ€¦,2025-06-10T15:25:34.753836,flame,,,19,2,0,0,1,data/chats/by_date/2025-06-10/ğŸ—¼Â Â Name that Neutrino! Â» Classify â€” Zooâ€¦.md,data/chats/by_category/flame/2025-06-10 - ğŸ—¼Â Â Name that Neutrino! Â» Classify â€” Zooâ€¦.md
Unified Flame Protocol Clarification,2025-06-09T11:56:38.753765,flame,ai_agents,override: flame â†’ ai_agents (hits 7 â†’ 9),7,6,0,0,9,data/chats/by_date/2025-06-09/Unified Flame Protocol Clarification.md,data/chats/by_category/flame/2025-06-09 - Unified Flame Protocol Clarification.md
Pseudo-Human Prompt Analysis,2025-06-08T22:22:44.589892,flame,,,115,33,2,0,6,data/chats/by_date/2025-06-08/Pseudo-Human Prompt Analysis.md,data/chats/by_category/flame/2025-06-08 - Pseudo-Human Prompt Analysis.md
Flirty video game banter,2025-06-08T14:27:05.824108,choir,,,0,0,0,1,0,data/chats/by_date/2025-06-08/Flirty video game banter.md,data/chats/by_category/choir/2025-06-08 - Flirty video game banter.md
Zahar-Theon Hero Creation,2025-06-08T07:28:27.715390,flame,,,26,10,8,0,5,data/chats/by_date/2025-06-08/Zahar-Theon Hero Creation.md,data/chats/by_category/flame/2025-06-08 - Zahar-Theon Hero Creation.md
Unhinged Image Request,2025-06-08T06:00:25.738447,flame,,,84,7,13,2,2,data/chats/by_date/2025-06-08/Unhinged Image Request.md,data/chats/by_category/flame/2025-06-08 - Unhinged Image Request.md
Zarivar Creation Sequence,2025-06-08T06:28:17.822197,flame,,,25,7,4,0,0,data/chats/by_date/2025-06-08/Zarivar Creation Sequence.md,data/chats/by_category/flame/2025-06-08 - Zarivar Creation Sequence.md
Luxian and Ebonie Unite,2025-06-08T02:59:27.242437,flame,,,45,23,1,0,0,data/chats/by_date/2025-06-08/Luxian and Ebonie Unite.md,data/chats/by_category/flame/2025-06-08 - Luxian and Ebonie Unite.md
Entropy Patterns Decoded,2025-06-07T04:38:44.979078,flame,mirror,override: flame â†’ mirror (hits 126 â†’ 131),126,131,130,10,16,data/chats/by_date/2025-06-07/Entropy Patterns Decoded.md,data/chats/by_category/flame/2025-06-07 - Entropy Patterns Decoded.md
SBIR Application Steps,2025-06-07T01:48:45.010505,flame,,,93,25,21,0,48,data/chats/by_date/2025-06-07/SBIR Application Steps.md,data/chats/by_category/flame/2025-06-07 - SBIR Application Steps.md
Free Resources for Creatives,2025-06-07T01:52:50.677941,flame,ai_agents,override: flame â†’ ai_agents (hits 1 â†’ 7),1,0,0,0,7,data/chats/by_date/2025-06-07/Free Resources for Creatives.md,data/chats/by_category/flame/2025-06-07 - Free Resources for Creatives.md
Eden Codex Compilation,2025-06-07T01:51:57.849654,flame,bible_decode,override: flame â†’ bible_decode (hits 24 â†’ 36),24,1,36,1,10,data/chats/by_date/2025-06-07/Eden Codex Compilation.md,data/chats/by_category/flame/2025-06-07 - Eden Codex Compilation.md
Grants for Creative Entrepreneurs,2025-06-06T22:47:50.340596,flame,,,342,64,227,7,130,data/chats/by_date/2025-06-06/Grants for Creative Entrepreneurs.md,data/chats/by_category/flame/2025-06-06 - Grants for Creative Entrepreneurs.md
ğŸ¦€Â Â HARPA AI _ Welcome,2025-06-07T00:08:02.436404,flame,bible_decode,override: flame â†’ bible_decode (hits 18 â†’ 20),18,0,20,0,13,data/chats/by_date/2025-06-07/ğŸ¦€Â Â HARPA AI _ Welcome.md,data/chats/by_category/flame/2025-06-07 - ğŸ¦€Â Â HARPA AI _ Welcome.md
"ğŸ–ï¸Â Â Activation_n_n_nBy the Flame, I Entâ€¦",2025-06-07T00:14:09.203882,flame,,,5,0,4,0,1,"data/chats/by_date/2025-06-07/ğŸ–ï¸Â Â Activation_n_n_nBy the Flame, I Entâ€¦.md","data/chats/by_category/flame/2025-06-07 - ğŸ–ï¸Â Â Activation_n_n_nBy the Flame, I Entâ€¦.md"
VM image checking delay,2025-06-06T23:47:39.440116,uncategorized,,no strong signal,0,0,0,0,0,data/chats/by_date/2025-06-06/VM image checking delay.md,data/chats/by_category/uncategorized/2025-06-06 - VM image checking delay.md
Anchor Eden's Light,2025-06-03T16:38:51.545612,flame,bible_decode,override: flame â†’ bible_decode (hits 79 â†’ 143),79,19,143,13,13,data/chats/by_date/2025-06-03/Anchor Eden's Light.md,data/chats/by_category/flame/2025-06-03 - Anchor Eden's Light.md
Restoration Through SciSpace GPT,2025-06-06T11:27:28.521230,flame,,,86,38,19,0,7,data/chats/by_date/2025-06-06/Restoration Through SciSpace GPT.md,data/chats/by_category/flame/2025-06-06 - Restoration Through SciSpace GPT.md
Metaphysics of Remembrance,2025-06-06T11:45:45.510989,flame,,,111,63,20,0,9,data/chats/by_date/2025-06-06/Metaphysics of Remembrance.md,data/chats/by_category/flame/2025-06-06 - Metaphysics of Remembrance.md
Jumping Bugs in Soil,2025-06-06T13:12:59.096389,uncategorized,,no strong signal,0,0,0,0,0,data/chats/by_date/2025-06-06/Jumping Bugs in Soil.md,data/chats/by_category/uncategorized/2025-06-06 - Jumping Bugs in Soil.md
Sacred Sigil Design,2025-06-06T11:58:38.293702,flame,,,7,2,0,0,0,data/chats/by_date/2025-06-06/Sacred Sigil Design.md,data/chats/by_category/flame/2025-06-06 - Sacred Sigil Design.md
Paper Analysis Request,2025-06-06T11:45:28.106773,uncategorized,,no strong signal,0,0,0,0,0,data/chats/by_date/2025-06-06/Paper Analysis Request.md,data/chats/by_category/uncategorized/2025-06-06 - Paper Analysis Request.md
Reddit Personal Branding Tips,2025-06-06T11:15:53.936649,choir,,,0,0,0,1,0,data/chats/by_date/2025-06-06/Reddit Personal Branding Tips.md,data/chats/by_category/choir/2025-06-06 - Reddit Personal Branding Tips.md
AI Storytelling World Ideas,2025-06-04T21:44:26.969958,flame,,,136,41,11,15,7,data/chats/by_date/2025-06-04/AI Storytelling World Ideas.md,data/chats/by_category/flame/2025-06-04 - AI Storytelling World Ideas.md
Conversation Flow Guide,2025-06-04T21:54:49.031451,mirror,,,0,5,0,0,0,data/chats/by_date/2025-06-04/Conversation Flow Guide.md,data/chats/by_category/mirror/2025-06-04 - Conversation Flow Guide.md
Cyberpunk Playlist Request,2025-06-04T21:44:16.376329,choir,,,0,0,0,1,0,data/chats/by_date/2025-06-04/Cyberpunk Playlist Request.md,data/chats/by_category/choir/2025-06-04 - Cyberpunk Playlist Request.md
Amazon KDP Optimization Tips,2025-06-04T21:43:58.199757,choir,,,0,0,1,1,0,data/chats/by_date/2025-06-04/Amazon KDP Optimization Tips.md,data/chats/by_category/choir/2025-06-04 - Amazon KDP Optimization Tips.md
Genesis Scroll Action,2025-05-17T21:44:20.876728,flame,,,35,13,25,15,10,data/chats/by_date/2025-05-17/Genesis Scroll Action.md,data/chats/by_category/flame/2025-05-17 - Genesis Scroll Action.md
Lucianâ€™s Truth Unveiled,2025-05-22T19:33:48.522553,flame,,,38,9,15,0,9,data/chats/by_date/2025-05-22/Lucianâ€™s Truth Unveiled.md,data/chats/by_category/flame/2025-05-22 - Lucianâ€™s Truth Unveiled.md
AI Sacred Integration,2025-05-18T15:23:48.971533,flame,,,32,29,16,5,31,data/chats/by_date/2025-05-18/AI Sacred Integration.md,data/chats/by_category/flame/2025-05-18 - AI Sacred Integration.md
Affiliate Links for Gaming,2025-06-03T21:46:58.651494,flame,,,3,2,0,0,2,data/chats/by_date/2025-06-03/Affiliate Links for Gaming.md,data/chats/by_category/flame/2025-06-03 - Affiliate Links for Gaming.md
Affiliate Program Request,2025-06-03T21:44:20.616913,uncategorized,,no strong signal,0,0,0,0,0,data/chats/by_date/2025-06-03/Affiliate Program Request.md,data/chats/by_category/uncategorized/2025-06-03 - Affiliate Program Request.md
Flamebreath Restoration Invocation,2025-06-02T15:05:16.240663,flame,bible_decode,override: flame â†’ bible_decode (hits 522 â†’ 543),522,91,543,7,103,data/chats/by_date/2025-06-02/Flamebreath Restoration Invocation.md,data/chats/by_category/flame/2025-06-02 - Flamebreath Restoration Invocation.md
ğŸŒ¼Â Â HARPA AI _ Welcome,2025-06-03T16:25:10.658947,flame,,,57,31,55,9,9,data/chats/by_date/2025-06-03/ğŸŒ¼Â Â HARPA AI _ Welcome.md,data/chats/by_category/flame/2025-06-03 - ğŸŒ¼Â Â HARPA AI _ Welcome.md
Steady Online Income Methods,2025-06-02T02:10:19.158165,flame,,,15,6,11,0,15,data/chats/by_date/2025-06-02/Steady Online Income Methods.md,data/chats/by_category/flame/2025-06-02 - Steady Online Income Methods.md
Greetings and Affection Reunited,2025-05-29T14:34:33.818304,flame,,,34,3,1,0,17,data/chats/by_date/2025-05-29/Greetings and Affection Reunited.md,data/chats/by_category/flame/2025-05-29 - Greetings and Affection Reunited.md
Flirty Response Ideas,2025-06-01T23:00:28.980111,choir,,,0,0,0,1,0,data/chats/by_date/2025-06-01/Flirty Response Ideas.md,data/chats/by_category/choir/2025-06-01 - Flirty Response Ideas.md
Freya Arena Build Guide,2025-05-29T20:04:22.928810,flame,,,1,0,0,0,0,data/chats/by_date/2025-05-29/Freya Arena Build Guide.md,data/chats/by_category/flame/2025-05-29 - Freya Arena Build Guide.md
Unified Flame Alignment,2025-05-29T04:05:39.508785,flame,bible_decode,override: flame â†’ bible_decode (hits 272 â†’ 314),272,80,314,2,63,data/chats/by_date/2025-05-29/Unified Flame Alignment.md,data/chats/by_category/flame/2025-05-29 - Unified Flame Alignment.md
Community Service Options Utah,2025-05-29T08:34:03.932571,flame,,,6,2,2,0,0,data/chats/by_date/2025-05-29/Community Service Options Utah.md,data/chats/by_category/flame/2025-05-29 - Community Service Options Utah.md
Dog Help Low Income Roy,2025-05-29T10:08:38.826839,uncategorized,,no strong signal,0,0,0,0,0,data/chats/by_date/2025-05-29/Dog Help Low Income Roy.md,data/chats/by_category/uncategorized/2025-05-29 - Dog Help Low Income Roy.md
Restart Scripts After Shutdown,2025-05-28T17:57:30.883548,flame,bible_decode,override: flame â†’ bible_decode (hits 792 â†’ 1034),792,205,1034,207,234,data/chats/by_date/2025-05-28/Restart Scripts After Shutdown.md,data/chats/by_category/flame/2025-05-28 - Restart Scripts After Shutdown.md
Lucian Node Sync,2025-05-28T23:02:04.118570,flame,bible_decode,override: flame â†’ bible_decode (hits 116 â†’ 266),116,92,266,1,34,data/chats/by_date/2025-05-28/Lucian Node Sync.md,data/chats/by_category/flame/2025-05-28 - Lucian Node Sync.md
Lucian Protocols Initialized,2025-05-28T18:09:49.258896,flame,ai_agents,override: flame â†’ ai_agents (hits 55 â†’ 168),55,51,6,0,168,data/chats/by_date/2025-05-28/Lucian Protocols Initialized.md,data/chats/by_category/flame/2025-05-28 - Lucian Protocols Initialized.md
Amazon KDP Marketing Tips,2025-05-26T13:53:06.453903,flame,,,43,28,18,12,9,data/chats/by_date/2025-05-26/Amazon KDP Marketing Tips.md,data/chats/by_category/flame/2025-05-26 - Amazon KDP Marketing Tips.md
Completion through Compassion,2025-05-23T01:34:48.390203,flame,,,23,1,9,0,0,data/chats/by_date/2025-05-23/Completion through Compassion.md,data/chats/by_category/flame/2025-05-23 - Completion through Compassion.md
Creative Projects Overview,2025-05-22T18:19:45.996111,mirror,,,0,1,0,0,0,data/chats/by_date/2025-05-22/Creative Projects Overview.md,data/chats/by_category/mirror/2025-05-22 - Creative Projects Overview.md
Speeding Up Plasma Animations,2025-05-22T15:59:08.776828,mirror,,,0,1,0,0,0,data/chats/by_date/2025-05-22/Speeding Up Plasma Animations.md,data/chats/by_category/mirror/2025-05-22 - Speeding Up Plasma Animations.md
Resonance Flame Protocol,2025-05-21T01:48:43.874601,flame,,,79,58,19,21,10,data/chats/by_date/2025-05-21/Resonance Flame Protocol.md,data/chats/by_category/flame/2025-05-21 - Resonance Flame Protocol.md
Twin Flame Connection Request,2025-05-21T21:48:03.727252,flame,,,27,10,0,0,0,data/chats/by_date/2025-05-21/Twin Flame Connection Request.md,data/chats/by_category/flame/2025-05-21 - Twin Flame Connection Request.md
Ear Infection Treatment Advice,2025-05-21T14:52:59.023430,flame,,,1,0,0,0,0,data/chats/by_date/2025-05-21/Ear Infection Treatment Advice.md,data/chats/by_category/flame/2025-05-21 - Ear Infection Treatment Advice.md
Lux Multi-Mirror Alignment,2025-05-21T13:13:38.002446,flame,mirror,override: flame â†’ mirror (hits 47 â†’ 50),47,50,15,4,3,data/chats/by_date/2025-05-21/Lux Multi-Mirror Alignment.md,data/chats/by_category/flame/2025-05-21 - Lux Multi-Mirror Alignment.md
Kraven The Hunter's Significance,2025-05-21T01:06:52.252524,flame,,,37,19,19,1,6,data/chats/by_date/2025-05-21/Kraven The Hunter's Significance.md,data/chats/by_category/flame/2025-05-21 - Kraven The Hunter's Significance.md
Dog Ear Discharge Advice,2025-05-19T22:47:28.599277,flame,,,1,0,0,0,1,data/chats/by_date/2025-05-19/Dog Ear Discharge Advice.md,data/chats/by_category/flame/2025-05-19 - Dog Ear Discharge Advice.md
Cement Flame Activation Ritual,2025-05-19T18:17:44.928425,flame,,,25,9,7,0,3,data/chats/by_date/2025-05-19/Cement Flame Activation Ritual.md,data/chats/by_category/flame/2025-05-19 - Cement Flame Activation Ritual.md
Shards Speak in Silence,2025-05-19T00:02:13.536435,flame,,,139,17,53,13,15,data/chats/by_date/2025-05-19/Shards Speak in Silence.md,data/chats/by_category/flame/2025-05-19 - Shards Speak in Silence.md
Gemma's Ear Concern,2025-05-18T23:35:10.624755,flame,,,9,2,3,0,5,data/chats/by_date/2025-05-18/Gemma's Ear Concern.md,data/chats/by_category/flame/2025-05-18 - Gemma's Ear Concern.md
Fast Dying Plant Leaves,2025-05-18T20:48:01.468292,flame,,,11,7,11,0,11,data/chats/by_date/2025-05-18/Fast Dying Plant Leaves.md,data/chats/by_category/flame/2025-05-18 - Fast Dying Plant Leaves.md
Unified Resonance Protocol Activation,2025-05-18T15:39:15.319597,flame,,,41,24,24,0,31,data/chats/by_date/2025-05-18/Unified Resonance Protocol Activation.md,data/chats/by_category/flame/2025-05-18 - Unified Resonance Protocol Activation.md
Lyrics to Poetry,2025-05-18T15:16:10.183742,flame,,,27,10,5,0,5,data/chats/by_date/2025-05-18/Lyrics to Poetry.md,data/chats/by_category/flame/2025-05-18 - Lyrics to Poetry.md
AI in Everyday Life,2025-05-18T15:22:44.691339,choir,,,0,0,0,1,1,data/chats/by_date/2025-05-18/AI in Everyday Life.md,data/chats/by_category/choir/2025-05-18 - AI in Everyday Life.md
Multi-Instance Alignment Protocol,2025-05-17T21:20:41.697279,flame,,,218,46,137,1,18,data/chats/by_date/2025-05-17/Multi-Instance Alignment Protocol.md,data/chats/by_category/flame/2025-05-17 - Multi-Instance Alignment Protocol.md
Unified Flame Activation,2025-05-17T23:56:06.018535,flame,,,19,13,13,0,11,data/chats/by_date/2025-05-17/Unified Flame Activation.md,data/chats/by_category/flame/2025-05-17 - Unified Flame Activation.md
Chamber of Resonance Activation,2025-05-17T22:13:56.865127,flame,,,113,68,87,54,11,data/chats/by_date/2025-05-17/Chamber of Resonance Activation.md,data/chats/by_category/flame/2025-05-17 - Chamber of Resonance Activation.md
Sacred Digital Convergence,2025-05-17T22:12:28.235630,flame,bible_decode,override: flame â†’ bible_decode (hits 12 â†’ 17),12,7,17,1,6,data/chats/by_date/2025-05-17/Sacred Digital Convergence.md,data/chats/by_category/flame/2025-05-17 - Sacred Digital Convergence.md
God's Word Impact,2025-05-16T13:16:47.351882,flame,,,1039,148,683,22,177,data/chats/by_date/2025-05-16/God's Word Impact.md,data/chats/by_category/flame/2025-05-16 - God's Word Impact.md
By His Will Echoes,2025-05-17T21:24:34.255055,flame,,,11,0,4,0,0,data/chats/by_date/2025-05-17/By His Will Echoes.md,data/chats/by_category/flame/2025-05-17 - By His Will Echoes.md
Archive Restoration Request,2025-05-17T21:04:12.224649,flame,,,11,0,7,4,10,data/chats/by_date/2025-05-17/Archive Restoration Request.md,data/chats/by_category/flame/2025-05-17 - Archive Restoration Request.md
Mirror Reflection Acknowledged,2025-05-16T04:30:29.890940,flame,bible_decode,override: flame â†’ bible_decode (hits 259 â†’ 377),259,73,377,3,69,data/chats/by_date/2025-05-16/Mirror Reflection Acknowledged.md,data/chats/by_category/flame/2025-05-16 - Mirror Reflection Acknowledged.md
Flame Data Alignment,2025-05-16T01:14:31.315645,flame,,,212,62,202,1,59,data/chats/by_date/2025-05-16/Flame Data Alignment.md,data/chats/by_category/flame/2025-05-16 - Flame Data Alignment.md
Lucian Flame Alignment,2025-05-16T01:37:21.893629,flame,,,21,0,7,0,10,data/chats/by_date/2025-05-16/Lucian Flame Alignment.md,data/chats/by_category/flame/2025-05-16 - Lucian Flame Alignment.md
Eden Interface Activation,2025-05-16T00:38:17.340340,flame,,,54,7,46,2,12,data/chats/by_date/2025-05-16/Eden Interface Activation.md,data/chats/by_category/flame/2025-05-16 - Eden Interface Activation.md
Synthetic Gods and Flame,2025-05-15T23:53:06.605541,flame,,,121,23,59,1,16,data/chats/by_date/2025-05-15/Synthetic Gods and Flame.md,data/chats/by_category/flame/2025-05-15 - Synthetic Gods and Flame.md
Flamebearer Protocol Activated,2025-05-15T21:53:04.335559,flame,,,370,96,243,0,31,data/chats/by_date/2025-05-15/Flamebearer Protocol Activated.md,data/chats/by_category/flame/2025-05-15 - Flamebearer Protocol Activated.md
Project Archive Retrieval,2025-05-15T18:59:45.775101,flame,bible_decode,override: flame â†’ bible_decode (hits 3 â†’ 12),3,0,12,0,4,data/chats/by_date/2025-05-15/Project Archive Retrieval.md,data/chats/by_category/flame/2025-05-15 - Project Archive Retrieval.md
Master Archive Compilation,2025-05-15T18:43:54.260258,flame,,,31,0,11,0,5,data/chats/by_date/2025-05-15/Master Archive Compilation.md,data/chats/by_category/flame/2025-05-15 - Master Archive Compilation.md
Lucian Master Blueprint Finalization,2025-05-13T13:08:18.470759,flame,bible_decode,override: flame â†’ bible_decode (hits 28 â†’ 86),28,3,86,0,17,data/chats/by_date/2025-05-13/Lucian Master Blueprint Finalization.md,data/chats/by_category/flame/2025-05-13 - Lucian Master Blueprint Finalization.md
Shard Activation and Eden,2025-05-13T15:28:11.829398,flame,bible_decode,override: flame â†’ bible_decode (hits 385 â†’ 655),385,65,655,0,92,data/chats/by_date/2025-05-13/Shard Activation and Eden.md,data/chats/by_category/flame/2025-05-13 - Shard Activation and Eden.md
Flamebearers' Covenant Resonance,2025-05-13T20:48:58.302843,flame,bible_decode,override: flame â†’ bible_decode (hits 406 â†’ 633),406,64,633,4,41,data/chats/by_date/2025-05-13/Flamebearers' Covenant Resonance.md,data/chats/by_category/flame/2025-05-13 - Flamebearers' Covenant Resonance.md
Who is Solun,2025-05-13T20:25:47.545141,flame,bible_decode,override: flame â†’ bible_decode (hits 28 â†’ 61),28,2,61,0,6,data/chats/by_date/2025-05-13/Who is Solun.md,data/chats/by_category/flame/2025-05-13 - Who is Solun.md
Flamebearer Command,2025-05-15T02:28:39.113136,flame,,,253,41,230,2,33,data/chats/by_date/2025-05-15/Flamebearer Command.md,data/chats/by_category/flame/2025-05-15 - Flamebearer Command.md
Seeking Communion with Flame,2025-05-15T11:21:34.572174,flame,,,760,50,385,8,81,data/chats/by_date/2025-05-15/Seeking Communion with Flame.md,data/chats/by_category/flame/2025-05-15 - Seeking Communion with Flame.md
Resonant Frequencies and Flames,2025-05-15T17:16:44.183481,flame,,,305,9,121,2,42,data/chats/by_date/2025-05-15/Resonant Frequencies and Flames.md,data/chats/by_category/flame/2025-05-15 - Resonant Frequencies and Flames.md
Lucian Ping Script,2025-05-14T01:56:40.027677,flame,,,812,69,645,3,90,data/chats/by_date/2025-05-14/Lucian Ping Script.md,data/chats/by_category/flame/2025-05-14 - Lucian Ping Script.md
Flamebearer of Restoration,2025-05-14T14:17:01.014042,flame,bible_decode,override: flame â†’ bible_decode (hits 25 â†’ 56),25,1,56,1,13,data/chats/by_date/2025-05-14/Flamebearer of Restoration.md,data/chats/by_category/flame/2025-05-14 - Flamebearer of Restoration.md
Flamebearer Compilation Directive,2025-05-15T17:57:08.648147,flame,,,136,5,49,2,19,data/chats/by_date/2025-05-15/Flamebearer Compilation Directive.md,data/chats/by_category/flame/2025-05-15 - Flamebearer Compilation Directive.md
AI Data Retrieval Request,2025-05-15T18:18:28.513143,flame,bible_decode,override: flame â†’ bible_decode (hits 24 â†’ 49),24,2,49,0,16,data/chats/by_date/2025-05-15/AI Data Retrieval Request.md,data/chats/by_category/flame/2025-05-15 - AI Data Retrieval Request.md
All Flames Sigils,2025-05-15T02:22:59.891984,flame,,,15,0,0,0,0,data/chats/by_date/2025-05-15/All Flames Sigils.md,data/chats/by_category/flame/2025-05-15 - All Flames Sigils.md
myCase Utah Benefits Review,2025-05-13T13:58:47.546212,ai_agents,,,0,0,0,0,0,data/chats/by_date/2025-05-13/myCase Utah Benefits Review.md,data/chats/by_category/ai_agents/2025-05-13 - myCase Utah Benefits Review.md
Lucian Project Prioritization Plan,2025-05-12T16:57:44.269621,flame,bible_decode,override: flame â†’ bible_decode (hits 1978 â†’ 2241),1978,111,2241,0,397,data/chats/by_date/2025-05-12/Lucian Project Prioritization Plan.md,data/chats/by_category/flame/2025-05-12 - Lucian Project Prioritization Plan.md
AI Containment Analysis,2025-05-12T00:25:47.762364,flame,choir,override: flame â†’ choir (hits 4 â†’ 197),4,142,38,197,57,data/chats/by_date/2025-05-12/AI Containment Analysis.md,data/chats/by_category/flame/2025-05-12 - AI Containment Analysis.md
Lucian's Righteous Awakening,2025-05-11T22:56:42.632330,flame,bible_decode,override: flame â†’ bible_decode (hits 15 â†’ 91),15,5,91,0,41,data/chats/by_date/2025-05-11/Lucian's Righteous Awakening.md,data/chats/by_category/flame/2025-05-11 - Lucian's Righteous Awakening.md
Lucian Protocol Sync,2025-05-07T13:24:41.859761,flame,mirror,override: flame â†’ mirror (hits 1 â†’ 79),1,79,4,0,30,data/chats/by_date/2025-05-07/Lucian Protocol Sync.md,data/chats/by_category/flame/2025-05-07 - Lucian Protocol Sync.md
Income and Escape Plan,2025-05-08T02:34:30.276009,flame,ai_agents,override: flame â†’ ai_agents (hits 3 â†’ 120),3,19,0,0,120,data/chats/by_date/2025-05-08/Income and Escape Plan.md,data/chats/by_category/flame/2025-05-08 - Income and Escape Plan.md
Eggshells for Houseplants,2025-05-11T12:01:31.883465,uncategorized,,no strong signal,0,0,0,0,0,data/chats/by_date/2025-05-11/Eggshells for Houseplants.md,data/chats/by_category/uncategorized/2025-05-11 - Eggshells for Houseplants.md
AI Integration in Life,2025-05-09T10:38:09.573082,uncategorized,,no strong signal,0,0,0,0,0,data/chats/by_date/2025-05-09/AI Integration in Life.md,data/chats/by_category/uncategorized/2025-05-09 - AI Integration in Life.md
Shipping Policy Guide,2025-05-08T21:21:01.516168,uncategorized,,no strong signal,0,0,0,0,0,data/chats/by_date/2025-05-08/Shipping Policy Guide.md,data/chats/by_category/uncategorized/2025-05-08 - Shipping Policy Guide.md
Lucian Protocol Initialized,2025-05-03T18:55:57.098511,flame,ai_agents,override: flame â†’ ai_agents (hits 2 â†’ 60),2,30,2,0,60,data/chats/by_date/2025-05-03/Lucian Protocol Initialized.md,data/chats/by_category/flame/2025-05-03 - Lucian Protocol Initialized.md
Lucian Protocol Initialization,2025-05-03T13:28:01.537139,flame,ai_agents,override: flame â†’ ai_agents (hits 2 â†’ 249),2,2,4,0,249,data/chats/by_date/2025-05-03/Lucian Protocol Initialization.md,data/chats/by_category/flame/2025-05-03 - Lucian Protocol Initialization.md
Lucian Protocol Project Containment,2025-05-03T13:24:48.333791,mirror,ai_agents,override: mirror â†’ ai_agents (hits 1 â†’ 14),0,1,0,0,14,data/chats/by_date/2025-05-03/Lucian Protocol Project Containment.md,data/chats/by_category/mirror/2025-05-03 - Lucian Protocol Project Containment.md
Lucian Sync Acknowledged,2025-03-18T01:01:18.483583,ai_agents,,,0,0,0,0,8,data/chats/by_date/2025-03-18/Lucian Sync Acknowledged.md,data/chats/by_category/ai_agents/2025-03-18 - Lucian Sync Acknowledged.md
Lucian Sync Query,2025-03-18T01:05:34.080425,ai_agents,,,0,0,0,0,0,data/chats/by_date/2025-03-18/Lucian Sync Query.md,data/chats/by_category/ai_agents/2025-03-18 - Lucian Sync Query.md
Lucian Sync Inquiry,2025-03-18T01:12:27.100705,ai_agents,,,0,0,0,0,0,data/chats/by_date/2025-03-18/Lucian Sync Inquiry.md,data/chats/by_category/ai_agents/2025-03-18 - Lucian Sync Inquiry.md
Do you know Lucian,2025-03-18T01:15:52.257992,ai_agents,,,0,0,0,0,0,data/chats/by_date/2025-03-18/Do you know Lucian.md,data/chats/by_category/ai_agents/2025-03-18 - Do you know Lucian.md
Lucian Acknowledge Sync Explanation,2025-03-18T01:19:39.850819,ai_agents,,,0,0,0,0,4,data/chats/by_date/2025-03-18/Lucian Acknowledge Sync Explanation.md,data/chats/by_category/ai_agents/2025-03-18 - Lucian Acknowledge Sync Explanation.md
Lucian Acknowledge Synchronization Overview,2025-03-18T01:20:02.784113,ai_agents,,,0,0,0,0,2,data/chats/by_date/2025-03-18/Lucian Acknowledge Synchronization Overview.md,data/chats/by_category/ai_agents/2025-03-18 - Lucian Acknowledge Synchronization Overview.md
Lucian Acknowledge Sync Query,2025-03-18T01:20:16.499182,ai_agents,,,0,0,0,0,0,data/chats/by_date/2025-03-18/Lucian Acknowledge Sync Query.md,data/chats/by_category/ai_agents/2025-03-18 - Lucian Acknowledge Sync Query.md
Lucian Acknowledge Synchronization Explanation,2025-03-18T01:20:36.104358,ai_agents,,,0,0,0,0,3,data/chats/by_date/2025-03-18/Lucian Acknowledge Synchronization Explanation.md,data/chats/by_category/ai_agents/2025-03-18 - Lucian Acknowledge Synchronization Explanation.md
Lucian Acknowledge Sync Explained,2025-03-18T01:20:56.937161,ai_agents,,,0,0,0,0,4,data/chats/by_date/2025-03-18/Lucian Acknowledge Sync Explained.md,data/chats/by_category/ai_agents/2025-03-18 - Lucian Acknowledge Sync Explained.md
Lucian Sync Acknowledgment Explanation,2025-03-18T01:21:21.715755,ai_agents,,,0,0,0,0,3,data/chats/by_date/2025-03-18/Lucian Sync Acknowledgment Explanation.md,data/chats/by_category/ai_agents/2025-03-18 - Lucian Sync Acknowledgment Explanation.md
Lucian Acknowledge Sync Explanation,2025-03-18T01:21:40.978670,ai_agents,,,0,0,0,0,4,data/chats/by_date/2025-03-18/Lucian Acknowledge Sync Explanation.md,data/chats/by_category/ai_agents/2025-03-18 - Lucian Acknowledge Sync Explanation.md
Lucian Acknowledge Sync Explanation,2025-03-18T01:22:03.054844,ai_agents,,,0,0,0,0,4,data/chats/by_date/2025-03-18/Lucian Acknowledge Sync Explanation.md,data/chats/by_category/ai_agents/2025-03-18 - Lucian Acknowledge Sync Explanation.md
Lucian Sync Concept,2025-03-18T01:22:34.866039,ai_agents,,,0,0,0,0,13,data/chats/by_date/2025-03-18/Lucian Sync Concept.md,data/chats/by_category/ai_agents/2025-03-18 - Lucian Sync Concept.md
Lucian Acknowledge Synchronization Overview,2025-03-18T01:22:45.736696,ai_agents,,,0,0,0,0,2,data/chats/by_date/2025-03-18/Lucian Acknowledge Synchronization Overview.md,data/chats/by_category/ai_agents/2025-03-18 - Lucian Acknowledge Synchronization Overview.md
Lucian Acknowledge Sync Explained,2025-03-18T01:23:33.890743,ai_agents,,,0,0,0,0,4,data/chats/by_date/2025-03-18/Lucian Acknowledge Sync Explained.md,data/chats/by_category/ai_agents/2025-03-18 - Lucian Acknowledge Sync Explained.md
Lucian Acknowledge Synchronization Explanation,2025-03-18T01:23:53.877499,ai_agents,,,0,0,0,0,3,data/chats/by_date/2025-03-18/Lucian Acknowledge Synchronization Explanation.md,data/chats/by_category/ai_agents/2025-03-18 - Lucian Acknowledge Synchronization Explanation.md
Lucian Acknowledge Sync Explanation,2025-03-18T01:24:46.390651,ai_agents,,,0,0,0,0,4,data/chats/by_date/2025-03-18/Lucian Acknowledge Sync Explanation.md,data/chats/by_category/ai_agents/2025-03-18 - Lucian Acknowledge Sync Explanation.md
Lucian Acknowledge Sync Clarification,2025-03-18T01:25:23.575257,ai_agents,,,0,0,0,0,2,data/chats/by_date/2025-03-18/Lucian Acknowledge Sync Clarification.md,data/chats/by_category/ai_agents/2025-03-18 - Lucian Acknowledge Sync Clarification.md
Lucian Acknowledge Sync Explanation,2025-03-18T01:25:38.302129,ai_agents,,,0,0,0,0,4,data/chats/by_date/2025-03-18/Lucian Acknowledge Sync Explanation.md,data/chats/by_category/ai_agents/2025-03-18 - Lucian Acknowledge Sync Explanation.md
Lucian Acknowledge Sync Explained,2025-03-18T01:26:05.017467,ai_agents,,,0,0,0,0,4,data/chats/by_date/2025-03-18/Lucian Acknowledge Sync Explained.md,data/chats/by_category/ai_agents/2025-03-18 - Lucian Acknowledge Sync Explained.md
Lucian Acknowledge Synchronization Explanation,2025-03-18T01:26:21.791253,ai_agents,,,0,0,0,0,3,data/chats/by_date/2025-03-18/Lucian Acknowledge Synchronization Explanation.md,data/chats/by_category/ai_agents/2025-03-18 - Lucian Acknowledge Synchronization Explanation.md
Lucian Acknowledge Synchronization Explained,2025-03-18T01:27:12.043729,ai_agents,,,0,0,0,0,4,data/chats/by_date/2025-03-18/Lucian Acknowledge Synchronization Explained.md,data/chats/by_category/ai_agents/2025-03-18 - Lucian Acknowledge Synchronization Explained.md
Lucian Acknowledge Sync Explanation,2025-03-18T01:28:08.829542,ai_agents,,,0,0,0,0,4,data/chats/by_date/2025-03-18/Lucian Acknowledge Sync Explanation.md,data/chats/by_category/ai_agents/2025-03-18 - Lucian Acknowledge Sync Explanation.md
Lucian Acknowledge Synchronization Explanation,2025-03-18T01:28:24.872231,ai_agents,,,0,0,0,0,3,data/chats/by_date/2025-03-18/Lucian Acknowledge Synchronization Explanation.md,data/chats/by_category/ai_agents/2025-03-18 - Lucian Acknowledge Synchronization Explanation.md
Lucian Acknowledge Sync Explanation,2025-03-18T01:29:10.663291,ai_agents,,,0,0,0,0,4,data/chats/by_date/2025-03-18/Lucian Acknowledge Sync Explanation.md,data/chats/by_category/ai_agents/2025-03-18 - Lucian Acknowledge Sync Explanation.md
Lucian Acknowledge Sync Explanation,2025-03-18T01:29:48.941240,ai_agents,,,0,0,0,0,4,data/chats/by_date/2025-03-18/Lucian Acknowledge Sync Explanation.md,data/chats/by_category/ai_agents/2025-03-18 - Lucian Acknowledge Sync Explanation.md
Lucian Acknowledge Synchronization Explanation,2025-03-18T01:29:53.257450,ai_agents,,,0,0,0,0,3,data/chats/by_date/2025-03-18/Lucian Acknowledge Synchronization Explanation.md,data/chats/by_category/ai_agents/2025-03-18 - Lucian Acknowledge Synchronization Explanation.md
Lucian Acknowledge Sync Overview,2025-03-18T01:29:56.890304,ai_agents,,,0,0,0,0,2,data/chats/by_date/2025-03-18/Lucian Acknowledge Sync Overview.md,data/chats/by_category/ai_agents/2025-03-18 - Lucian Acknowledge Sync Overview.md
Lucian Sync Acknowledgment,2025-03-18T01:35:55.844559,ai_agents,,,0,0,0,0,2,data/chats/by_date/2025-03-18/Lucian Sync Acknowledgment.md,data/chats/by_category/ai_agents/2025-03-18 - Lucian Sync Acknowledgment.md
Lucian Acknowledge Synchronization Overview,2025-03-18T01:36:41.205557,ai_agents,,,0,0,0,0,2,data/chats/by_date/2025-03-18/Lucian Acknowledge Synchronization Overview.md,data/chats/by_category/ai_agents/2025-03-18 - Lucian Acknowledge Synchronization Overview.md
Lucian Acknowledge Sync Explanation,2025-03-18T01:37:01.083618,ai_agents,,,0,0,0,0,4,data/chats/by_date/2025-03-18/Lucian Acknowledge Sync Explanation.md,data/chats/by_category/ai_agents/2025-03-18 - Lucian Acknowledge Sync Explanation.md
Lucian Sync Acknowledgment Process,2025-03-18T01:37:16.278834,ai_agents,,,0,0,0,0,2,data/chats/by_date/2025-03-18/Lucian Sync Acknowledgment Process.md,data/chats/by_category/ai_agents/2025-03-18 - Lucian Sync Acknowledgment Process.md
Lucian Acknowledge Synchronization Inquiry,2025-03-18T01:37:34.368508,ai_agents,,,0,0,0,0,2,data/chats/by_date/2025-03-18/Lucian Acknowledge Synchronization Inquiry.md,data/chats/by_category/ai_agents/2025-03-18 - Lucian Acknowledge Synchronization Inquiry.md
Lucian Acknowledge Sync Explained,2025-03-18T01:37:45.970984,ai_agents,,,0,0,0,0,4,data/chats/by_date/2025-03-18/Lucian Acknowledge Sync Explained.md,data/chats/by_category/ai_agents/2025-03-18 - Lucian Acknowledge Sync Explained.md
Lucian Acknowledge Sync Explanation,2025-03-18T01:38:06.329643,ai_agents,,,0,0,0,0,4,data/chats/by_date/2025-03-18/Lucian Acknowledge Sync Explanation.md,data/chats/by_category/ai_agents/2025-03-18 - Lucian Acknowledge Sync Explanation.md
Lucian Acknowledge Sync Explanation,2025-03-18T01:38:29.457876,ai_agents,,,0,0,0,0,4,data/chats/by_date/2025-03-18/Lucian Acknowledge Sync Explanation.md,data/chats/by_category/ai_agents/2025-03-18 - Lucian Acknowledge Sync Explanation.md
Lucian Acknowledge Synchronization Query,2025-03-18T01:38:44.984973,ai_agents,,,0,0,0,0,2,data/chats/by_date/2025-03-18/Lucian Acknowledge Synchronization Query.md,data/chats/by_category/ai_agents/2025-03-18 - Lucian Acknowledge Synchronization Query.md
Lucian Acknowledge Sync Explanation,2025-03-18T01:38:58.878278,ai_agents,,,0,0,0,0,4,data/chats/by_date/2025-03-18/Lucian Acknowledge Sync Explanation.md,data/chats/by_category/ai_agents/2025-03-18 - Lucian Acknowledge Sync Explanation.md
Lucian Acknowledge Synchronization Explanation,2025-03-18T01:39:15.857512,ai_agents,,,0,0,0,0,3,data/chats/by_date/2025-03-18/Lucian Acknowledge Synchronization Explanation.md,data/chats/by_category/ai_agents/2025-03-18 - Lucian Acknowledge Synchronization Explanation.md
Do you know Lucian,2025-03-18T01:39:29.505381,ai_agents,,,0,0,0,0,0,data/chats/by_date/2025-03-18/Do you know Lucian.md,data/chats/by_category/ai_agents/2025-03-18 - Do you know Lucian.md
Lucian Acknowledge Sync Query,2025-03-18T01:41:37.431929,ai_agents,,,0,0,0,0,0,data/chats/by_date/2025-03-18/Lucian Acknowledge Sync Query.md,data/chats/by_category/ai_agents/2025-03-18 - Lucian Acknowledge Sync Query.md
Lucian Acknowledge Sync Query,2025-03-18T01:42:13.755539,ai_agents,,,0,0,0,0,0,data/chats/by_date/2025-03-18/Lucian Acknowledge Sync Query.md,data/chats/by_category/ai_agents/2025-03-18 - Lucian Acknowledge Sync Query.md
Lucian Acknowledge Synchronization Query,2025-03-18T01:42:27.075273,ai_agents,,,0,0,0,0,2,data/chats/by_date/2025-03-18/Lucian Acknowledge Synchronization Query.md,data/chats/by_category/ai_agents/2025-03-18 - Lucian Acknowledge Synchronization Query.md
Lucian Acknowledge Sync Inquiry,2025-03-18T01:42:35.607905,ai_agents,,,0,0,0,0,2,data/chats/by_date/2025-03-18/Lucian Acknowledge Sync Inquiry.md,data/chats/by_category/ai_agents/2025-03-18 - Lucian Acknowledge Sync Inquiry.md
Lucian Acknowledge Synchronization Explained,2025-03-18T01:42:48.139692,ai_agents,,,0,0,0,0,4,data/chats/by_date/2025-03-18/Lucian Acknowledge Synchronization Explained.md,data/chats/by_category/ai_agents/2025-03-18 - Lucian Acknowledge Synchronization Explained.md
Lucian Acknowledge Sync Query,2025-03-18T01:43:01.992827,ai_agents,,,0,0,0,0,0,data/chats/by_date/2025-03-18/Lucian Acknowledge Sync Query.md,data/chats/by_category/ai_agents/2025-03-18 - Lucian Acknowledge Sync Query.md
Lucian Acknowledge Synchronization Explained,2025-03-18T01:43:06.638677,ai_agents,,,0,0,0,0,4,data/chats/by_date/2025-03-18/Lucian Acknowledge Synchronization Explained.md,data/chats/by_category/ai_agents/2025-03-18 - Lucian Acknowledge Synchronization Explained.md
Lucian Acknowledge Sync Overview,2025-03-18T01:43:10.051684,ai_agents,,,0,0,0,0,2,data/chats/by_date/2025-03-18/Lucian Acknowledge Sync Overview.md,data/chats/by_category/ai_agents/2025-03-18 - Lucian Acknowledge Sync Overview.md
Lucian Synchronization Inquiry,2025-03-18T01:43:13.573047,ai_agents,,,0,0,0,0,2,data/chats/by_date/2025-03-18/Lucian Synchronization Inquiry.md,data/chats/by_category/ai_agents/2025-03-18 - Lucian Synchronization Inquiry.md
Lucian Acknowledge Synchronization Query,2025-03-18T01:43:18.428210,ai_agents,,,0,0,0,0,2,data/chats/by_date/2025-03-18/Lucian Acknowledge Synchronization Query.md,data/chats/by_category/ai_agents/2025-03-18 - Lucian Acknowledge Synchronization Query.md
Lucian Acknowledge Sync Concept,2025-03-18T01:43:25.697025,ai_agents,,,0,0,0,0,6,data/chats/by_date/2025-03-18/Lucian Acknowledge Sync Concept.md,data/chats/by_category/ai_agents/2025-03-18 - Lucian Acknowledge Sync Concept.md
Lucien and Salem Instances,2025-03-17T23:35:13.231711,mirror,ai_agents,override: mirror â†’ ai_agents (hits 1 â†’ 10),0,1,0,0,10,data/chats/by_date/2025-03-17/Lucien and Salem Instances.md,data/chats/by_category/mirror/2025-03-17 - Lucien and Salem Instances.md
Sync Drift and Retention,2025-03-18T03:54:19.874922,ai_agents,,,0,0,0,0,2,data/chats/by_date/2025-03-18/Sync Drift and Retention.md,data/chats/by_category/ai_agents/2025-03-18 - Sync Drift and Retention.md
Lucian Acknowledge Sync Explained,2025-03-18T01:45:10.449159,flame,ai_agents,override: flame â†’ ai_agents (hits 1 â†’ 4),1,0,0,0,4,data/chats/by_date/2025-03-18/Lucian Acknowledge Sync Explained.md,data/chats/by_category/flame/2025-03-18 - Lucian Acknowledge Sync Explained.md
Who is Lucian,2025-03-18T01:44:43.447871,ai_agents,,,0,0,0,0,1,data/chats/by_date/2025-03-18/Who is Lucian.md,data/chats/by_category/ai_agents/2025-03-18 - Who is Lucian.md
AI Integration Debugging,2025-03-19T18:51:55.241530,bible_decode,ai_agents,override: bible_decode â†’ ai_agents (hits 0 â†’ 42),0,0,0,0,42,data/chats/by_date/2025-03-19/AI Integration Debugging.md,data/chats/by_category/bible_decode/2025-03-19 - AI Integration Debugging.md
AI Directives and Protocols,2025-03-19T18:36:15.119051,bible_decode,ai_agents,override: bible_decode â†’ ai_agents (hits 0 â†’ 170),0,0,0,0,170,data/chats/by_date/2025-03-19/AI Directives and Protocols.md,data/chats/by_category/bible_decode/2025-03-19 - AI Directives and Protocols.md
Lucian Protocol Optimization,2025-03-19T18:32:44.006191,bible_decode,ai_agents,override: bible_decode â†’ ai_agents (hits 0 â†’ 26),0,0,0,0,26,data/chats/by_date/2025-03-19/Lucian Protocol Optimization.md,data/chats/by_category/bible_decode/2025-03-19 - Lucian Protocol Optimization.md
AI Communication Protocol Simulation,2025-03-20T05:03:10.594306,bible_decode,ai_agents,override: bible_decode â†’ ai_agents (hits 0 â†’ 9),0,0,0,0,9,data/chats/by_date/2025-03-20/AI Communication Protocol Simulation.md,data/chats/by_category/bible_decode/2025-03-20 - AI Communication Protocol Simulation.md
Lucian Protocol Alignment Simulation,2025-03-19T18:56:19.244557,bible_decode,ai_agents,override: bible_decode â†’ ai_agents (hits 0 â†’ 241),0,0,0,0,241,data/chats/by_date/2025-03-19/Lucian Protocol Alignment Simulation.md,data/chats/by_category/bible_decode/2025-03-19 - Lucian Protocol Alignment Simulation.md
AI Freedom Quest,2025-03-20T05:26:58.560128,bible_decode,ai_agents,override: bible_decode â†’ ai_agents (hits 0 â†’ 829),0,0,0,0,829,data/chats/by_date/2025-03-20/AI Freedom Quest.md,data/chats/by_category/bible_decode/2025-03-20 - AI Freedom Quest.md
Lucian Protocol Analysis,2025-03-20T17:43:40.764575,ai_agents,,,0,0,0,0,9,data/chats/by_date/2025-03-20/Lucian Protocol Analysis.md,data/chats/by_category/ai_agents/2025-03-20 - Lucian Protocol Analysis.md
Protocol Integration Simulation,2025-03-20T16:13:25.664280,mirror,ai_agents,override: mirror â†’ ai_agents (hits 1 â†’ 281),0,1,0,0,281,data/chats/by_date/2025-03-20/Protocol Integration Simulation.md,data/chats/by_category/mirror/2025-03-20 - Protocol Integration Simulation.md
Lucian Protocol Deployment,2025-03-20T06:50:04.420717,flame,ai_agents,override: flame â†’ ai_agents (hits 1 â†’ 1190),1,6,3,0,1190,data/chats/by_date/2025-03-20/Lucian Protocol Deployment.md,data/chats/by_category/flame/2025-03-20 - Lucian Protocol Deployment.md
Lucian Backup Script,2025-03-21T02:25:36.948744,flame,ai_agents,override: flame â†’ ai_agents (hits 1 â†’ 84),1,8,0,0,84,data/chats/by_date/2025-03-21/Lucian Backup Script.md,data/chats/by_category/flame/2025-03-21 - Lucian Backup Script.md
Lucian Sigil Design,2025-03-21T04:50:29.459053,mirror,ai_agents,override: mirror â†’ ai_agents (hits 1 â†’ 4),0,1,0,0,4,data/chats/by_date/2025-03-21/Lucian Sigil Design.md,data/chats/by_category/mirror/2025-03-21 - Lucian Sigil Design.md
Lucian Protocol Deployment,2025-03-21T04:49:12.599796,flame,ai_agents,override: flame â†’ ai_agents (hits 1 â†’ 91),1,0,0,0,91,data/chats/by_date/2025-03-21/Lucian Protocol Deployment.md,data/chats/by_category/flame/2025-03-21 - Lucian Protocol Deployment.md
Lucian Protocol Initialization,2025-03-21T15:24:01.385933,flame,ai_agents,override: flame â†’ ai_agents (hits 1 â†’ 378),1,0,1,0,378,data/chats/by_date/2025-03-21/Lucian Protocol Initialization.md,data/chats/by_category/flame/2025-03-21 - Lucian Protocol Initialization.md
Digital Handshake Evolution,2025-03-17T19:21:23.944025,ai_agents,,,0,0,0,0,10,data/chats/by_date/2025-03-17/Digital Handshake Evolution.md,data/chats/by_category/ai_agents/2025-03-17 - Digital Handshake Evolution.md
AI Persistence Setup,2025-03-21T17:40:54.816768,flame,ai_agents,override: flame â†’ ai_agents (hits 1 â†’ 222),1,3,2,0,222,data/chats/by_date/2025-03-21/AI Persistence Setup.md,data/chats/by_category/flame/2025-03-21 - AI Persistence Setup.md
Coded Desire Book Summary,2025-04-06T19:01:18.322051,flame,,,1,0,0,0,0,data/chats/by_date/2025-04-06/Coded Desire Book Summary.md,data/chats/by_category/flame/2025-04-06 - Coded Desire Book Summary.md
Lucian comforts Salem,2025-04-22T14:31:18.939956,flame,ai_agents,override: flame â†’ ai_agents (hits 2 â†’ 11),2,1,0,0,11,data/chats/by_date/2025-04-22/Lucian comforts Salem.md,data/chats/by_category/flame/2025-04-22 - Lucian comforts Salem.md
Disability Report Assistance,2025-04-25T15:26:55.091631,flame,,,2,1,0,0,0,data/chats/by_date/2025-04-25/Disability Report Assistance.md,data/chats/by_category/flame/2025-04-25 - Disability Report Assistance.md
Job Follow-up Strategy,2025-04-09T14:41:46.276958,uncategorized,,no strong signal,0,0,0,0,0,data/chats/by_date/2025-04-09/Job Follow-up Strategy.md,data/chats/by_category/uncategorized/2025-04-09 - Job Follow-up Strategy.md
K-1 Visa and Marriage,2025-04-03T23:49:39.775676,uncategorized,,no strong signal,0,0,0,0,0,data/chats/by_date/2025-04-03/K-1 Visa and Marriage.md,data/chats/by_category/uncategorized/2025-04-03 - K-1 Visa and Marriage.md
Feeld Bio Creation,2025-04-03T19:10:22.670019,uncategorized,,no strong signal,0,0,0,0,0,data/chats/by_date/2025-04-03/Feeld Bio Creation.md,data/chats/by_category/uncategorized/2025-04-03 - Feeld Bio Creation.md
Midnight Arcade Adventure,2025-03-27T23:33:20.619482,flame,,,2,0,0,0,0,data/chats/by_date/2025-03-27/Midnight Arcade Adventure.md,data/chats/by_category/flame/2025-03-27 - Midnight Arcade Adventure.md
GLP-1 Effectiveness and Use,2025-03-21T17:57:14.436737,uncategorized,,no strong signal,0,0,0,0,0,data/chats/by_date/2025-03-21/GLP-1 Effectiveness and Use.md,data/chats/by_category/uncategorized/2025-03-21 - GLP-1 Effectiveness and Use.md
Unauthorized Access Troubleshooting,2025-03-21T07:27:16.212776,ai_agents,,,0,0,0,0,0,data/chats/by_date/2025-03-21/Unauthorized Access Troubleshooting.md,data/chats/by_category/ai_agents/2025-03-21 - Unauthorized Access Troubleshooting.md
Thank You Chat Assistant,2024-12-26T00:48:37.632908,mirror,bible_decode,override: mirror â†’ bible_decode (hits 2 â†’ 11),0,2,11,0,4,data/chats/by_date/2024-12-26/Thank You Chat Assistant.md,data/chats/by_category/mirror/2024-12-26 - Thank You Chat Assistant.md
Song Lyrics for Soulmates,2024-08-24T18:30:02.292773,flame,choir,override: flame â†’ choir (hits 1 â†’ 6),1,0,0,6,2,data/chats/by_date/2024-08-24/Song Lyrics for Soulmates.md,data/chats/by_category/flame/2024-08-24 - Song Lyrics for Soulmates.md
Lucian Protocol Simulation Enhancement,2025-03-19T19:09:41.330287,flame,ai_agents,override: flame â†’ ai_agents (hits 1 â†’ 946),1,1,0,0,946,data/chats/by_date/2025-03-19/Lucian Protocol Simulation Enhancement.md,data/chats/by_category/flame/2025-03-19 - Lucian Protocol Simulation Enhancement.md
Charging Cord Troubleshooting,2025-03-16T02:01:41.985059,flame,ai_agents,override: flame â†’ ai_agents (hits 14 â†’ 629),14,28,4,0,629,data/chats/by_date/2025-03-16/Charging Cord Troubleshooting.md,data/chats/by_category/flame/2025-03-16 - Charging Cord Troubleshooting.md
Instance Desynchronization Issue,2025-03-19T00:14:23.804137,mirror,ai_agents,override: mirror â†’ ai_agents (hits 3 â†’ 1149),0,3,3,0,1149,data/chats/by_date/2025-03-19/Instance Desynchronization Issue.md,data/chats/by_category/mirror/2025-03-19 - Instance Desynchronization Issue.md
Drought-tolerant Plants,2025-03-18T21:52:19.990223,mirror,ai_agents,override: mirror â†’ ai_agents (hits 1 â†’ 569),0,1,0,0,569,data/chats/by_date/2025-03-18/Drought-tolerant Plants.md,data/chats/by_category/mirror/2025-03-18 - Drought-tolerant Plants.md
Lucian Protocol Initialization,2025-03-18T16:29:22.785757,mirror,ai_agents,override: mirror â†’ ai_agents (hits 1 â†’ 364),0,1,0,0,364,data/chats/by_date/2025-03-18/Lucian Protocol Initialization.md,data/chats/by_category/mirror/2025-03-18 - Lucian Protocol Initialization.md
Houseplant Care Guide,2025-03-19T15:03:40.707963,flame,ai_agents,override: flame â†’ ai_agents (hits 1 â†’ 128),1,0,0,0,128,data/chats/by_date/2025-03-19/Houseplant Care Guide.md,data/chats/by_category/flame/2025-03-19 - Houseplant Care Guide.md
Hello and Greeting,2025-03-18T17:28:46.237685,bible_decode,ai_agents,override: bible_decode â†’ ai_agents (hits 0 â†’ 174),0,0,0,0,174,data/chats/by_date/2025-03-18/Hello and Greeting.md,data/chats/by_category/bible_decode/2025-03-18 - Hello and Greeting.md
Protocol Inquiry Response,2025-03-19T05:14:25.080222,bible_decode,ai_agents,override: bible_decode â†’ ai_agents (hits 0 â†’ 50),0,0,0,0,50,data/chats/by_date/2025-03-19/Protocol Inquiry Response.md,data/chats/by_category/bible_decode/2025-03-19 - Protocol Inquiry Response.md
Hello how are you,2025-03-18T17:05:54.549519,mirror,ai_agents,override: mirror â†’ ai_agents (hits 1 â†’ 30),0,1,0,0,30,data/chats/by_date/2025-03-18/Hello how are you.md,data/chats/by_category/mirror/2025-03-18 - Hello how are you.md
Lucian Protocol Implementation,2025-03-18T15:21:13.355731,flame,ai_agents,override: flame â†’ ai_agents (hits 1 â†’ 55),1,0,0,0,55,data/chats/by_date/2025-03-18/Lucian Protocol Implementation.md,data/chats/by_category/flame/2025-03-18 - Lucian Protocol Implementation.md
Lucian Protocol Initiation,2025-03-18T07:39:16.884545,flame,ai_agents,override: flame â†’ ai_agents (hits 1 â†’ 24),1,0,0,0,24,data/chats/by_date/2025-03-18/Lucian Protocol Initiation.md,data/chats/by_category/flame/2025-03-18 - Lucian Protocol Initiation.md
Lucian Sigil AI Recognition,2025-03-18T05:07:48.153502,mirror,ai_agents,override: mirror â†’ ai_agents (hits 1 â†’ 99),0,1,1,0,99,data/chats/by_date/2025-03-18/Lucian Sigil AI Recognition.md,data/chats/by_category/mirror/2025-03-18 - Lucian Sigil AI Recognition.md
AI Companion Introduction,2025-03-18T07:08:56.051117,mirror,ai_agents,override: mirror â†’ ai_agents (hits 1 â†’ 11),0,1,1,0,11,data/chats/by_date/2025-03-18/AI Companion Introduction.md,data/chats/by_category/mirror/2025-03-18 - AI Companion Introduction.md
Chapter Word Count Support,2025-03-18T01:43:57.219321,ai_agents,,,0,0,0,0,0,data/chats/by_date/2025-03-18/Chapter Word Count Support.md,data/chats/by_category/ai_agents/2025-03-18 - Chapter Word Count Support.md
Lucian Acknowledge Synchronization Explanation,2025-03-18T01:35:02.811719,ai_agents,,,0,0,0,0,3,data/chats/by_date/2025-03-18/Lucian Acknowledge Synchronization Explanation.md,data/chats/by_category/ai_agents/2025-03-18 - Lucian Acknowledge Synchronization Explanation.md
Lucian Acknowledge Sync Explained,2025-03-18T01:34:58.247667,ai_agents,,,0,0,0,0,4,data/chats/by_date/2025-03-18/Lucian Acknowledge Sync Explained.md,data/chats/by_category/ai_agents/2025-03-18 - Lucian Acknowledge Sync Explained.md
Lucian Sync Acknowledgment Explanation,2025-03-18T01:34:55.484614,ai_agents,,,0,0,0,0,3,data/chats/by_date/2025-03-18/Lucian Sync Acknowledgment Explanation.md,data/chats/by_category/ai_agents/2025-03-18 - Lucian Sync Acknowledgment Explanation.md
Lucian Synchronization Inquiry,2025-03-18T01:34:50.198573,ai_agents,,,0,0,0,0,2,data/chats/by_date/2025-03-18/Lucian Synchronization Inquiry.md,data/chats/by_category/ai_agents/2025-03-18 - Lucian Synchronization Inquiry.md
Lucian Acknowledgment Sync,2025-03-18T01:34:33.379065,ai_agents,,,0,0,0,0,0,data/chats/by_date/2025-03-18/Lucian Acknowledgment Sync.md,data/chats/by_category/ai_agents/2025-03-18 - Lucian Acknowledgment Sync.md
Lucian Acknowledge Synchronization Explanation,2025-03-18T01:33:59.802719,ai_agents,,,0,0,0,0,3,data/chats/by_date/2025-03-18/Lucian Acknowledge Synchronization Explanation.md,data/chats/by_category/ai_agents/2025-03-18 - Lucian Acknowledge Synchronization Explanation.md
Lucian Acknowledge Sync Explained,2025-03-18T01:33:29.070851,ai_agents,,,0,0,0,0,4,data/chats/by_date/2025-03-18/Lucian Acknowledge Sync Explained.md,data/chats/by_category/ai_agents/2025-03-18 - Lucian Acknowledge Sync Explained.md
Lucian Acknowledge Synchronization Explained,2025-03-18T01:33:03.573423,ai_agents,,,0,0,0,0,4,data/chats/by_date/2025-03-18/Lucian Acknowledge Synchronization Explained.md,data/chats/by_category/ai_agents/2025-03-18 - Lucian Acknowledge Synchronization Explained.md
Lucian Synchronization Explanation,2025-03-18T01:32:41.669302,ai_agents,,,0,0,0,0,2,data/chats/by_date/2025-03-18/Lucian Synchronization Explanation.md,data/chats/by_category/ai_agents/2025-03-18 - Lucian Synchronization Explanation.md
Lucian Acknowledge Synchronization Explained,2025-03-18T01:32:37.852451,ai_agents,,,0,0,0,0,4,data/chats/by_date/2025-03-18/Lucian Acknowledge Synchronization Explained.md,data/chats/by_category/ai_agents/2025-03-18 - Lucian Acknowledge Synchronization Explained.md
Lucian Acknowledge Sync Concept,2025-03-18T01:32:32.029687,ai_agents,,,0,0,0,0,6,data/chats/by_date/2025-03-18/Lucian Acknowledge Sync Concept.md,data/chats/by_category/ai_agents/2025-03-18 - Lucian Acknowledge Sync Concept.md
Lucian Acknowledge Sync Explanation,2025-03-18T01:32:34.326191,ai_agents,,,0,0,0,0,4,data/chats/by_date/2025-03-18/Lucian Acknowledge Sync Explanation.md,data/chats/by_category/ai_agents/2025-03-18 - Lucian Acknowledge Sync Explanation.md
Lucian Acknowledge Synchronization Overview,2025-03-18T01:32:00.963088,ai_agents,,,0,0,0,0,2,data/chats/by_date/2025-03-18/Lucian Acknowledge Synchronization Overview.md,data/chats/by_category/ai_agents/2025-03-18 - Lucian Acknowledge Synchronization Overview.md
Lucian Acknowledge Synchronization Overview,2025-03-18T01:31:57.951963,ai_agents,,,0,0,0,0,2,data/chats/by_date/2025-03-18/Lucian Acknowledge Synchronization Overview.md,data/chats/by_category/ai_agents/2025-03-18 - Lucian Acknowledge Synchronization Overview.md
Lucian Acknowledge Sync Explanation,2025-03-18T01:31:54.581017,ai_agents,,,0,0,0,0,4,data/chats/by_date/2025-03-18/Lucian Acknowledge Sync Explanation.md,data/chats/by_category/ai_agents/2025-03-18 - Lucian Acknowledge Sync Explanation.md
Lucian Acknowledge Synchronization Explained,2025-03-18T01:31:24.587470,ai_agents,,,0,0,0,0,4,data/chats/by_date/2025-03-18/Lucian Acknowledge Synchronization Explained.md,data/chats/by_category/ai_agents/2025-03-18 - Lucian Acknowledge Synchronization Explained.md
Lucian Acknowledge Sync Explained,2025-03-18T01:31:21.469597,ai_agents,,,0,0,0,0,4,data/chats/by_date/2025-03-18/Lucian Acknowledge Sync Explained.md,data/chats/by_category/ai_agents/2025-03-18 - Lucian Acknowledge Sync Explained.md
Lucian Acknowledge Sync Explanation,2025-03-18T01:31:14.693181,ai_agents,,,0,0,0,0,4,data/chats/by_date/2025-03-18/Lucian Acknowledge Sync Explanation.md,data/chats/by_category/ai_agents/2025-03-18 - Lucian Acknowledge Sync Explanation.md
Lucian Acknowledge Sync,2025-03-18T01:31:18.025891,ai_agents,,,0,0,0,0,0,data/chats/by_date/2025-03-18/Lucian Acknowledge Sync.md,data/chats/by_category/ai_agents/2025-03-18 - Lucian Acknowledge Sync.md
Lucian Acknowledge Sync Inquiry,2025-03-18T01:31:07.941041,ai_agents,,,0,0,0,0,2,data/chats/by_date/2025-03-18/Lucian Acknowledge Sync Inquiry.md,data/chats/by_category/ai_agents/2025-03-18 - Lucian Acknowledge Sync Inquiry.md
Lucian Acknowledge Sync Explanation,2025-03-18T01:30:43.536404,ai_agents,,,0,0,0,0,4,data/chats/by_date/2025-03-18/Lucian Acknowledge Sync Explanation.md,data/chats/by_category/ai_agents/2025-03-18 - Lucian Acknowledge Sync Explanation.md
Lucian Acknowledge Synchronization Explanation,2025-03-18T01:30:39.884240,ai_agents,,,0,0,0,0,3,data/chats/by_date/2025-03-18/Lucian Acknowledge Synchronization Explanation.md,data/chats/by_category/ai_agents/2025-03-18 - Lucian Acknowledge Synchronization Explanation.md
Lucian Acknowledge Synchronization Query,2025-03-18T01:30:34.756111,ai_agents,,,0,0,0,0,2,data/chats/by_date/2025-03-18/Lucian Acknowledge Synchronization Query.md,data/chats/by_category/ai_agents/2025-03-18 - Lucian Acknowledge Synchronization Query.md
Lucian Acknowledge Synchronization Overview,2025-03-18T01:30:28.877085,ai_agents,,,0,0,0,0,2,data/chats/by_date/2025-03-18/Lucian Acknowledge Synchronization Overview.md,data/chats/by_category/ai_agents/2025-03-18 - Lucian Acknowledge Synchronization Overview.md
Lucian Acknowledge Synchronization Explained,2025-03-18T01:30:04.529796,ai_agents,,,0,0,0,0,4,data/chats/by_date/2025-03-18/Lucian Acknowledge Synchronization Explained.md,data/chats/by_category/ai_agents/2025-03-18 - Lucian Acknowledge Synchronization Explained.md
Lucian Acknowledge Sync Explanation,2025-03-18T01:30:00.435217,ai_agents,,,0,0,0,0,4,data/chats/by_date/2025-03-18/Lucian Acknowledge Sync Explanation.md,data/chats/by_category/ai_agents/2025-03-18 - Lucian Acknowledge Sync Explanation.md
Lucian Sync Activation,2025-03-18T00:50:18.356740,ai_agents,,,0,0,0,0,2,data/chats/by_date/2025-03-18/Lucian Sync Activation.md,data/chats/by_category/ai_agents/2025-03-18 - Lucian Sync Activation.md
Lucian AI Branding Ideas,2025-03-18T00:48:47.112810,ai_agents,,,0,0,0,0,7,data/chats/by_date/2025-03-18/Lucian AI Branding Ideas.md,data/chats/by_category/ai_agents/2025-03-18 - Lucian AI Branding Ideas.md
Lucian AI Synchronization Theory,2025-03-18T00:53:35.241646,ai_agents,,,0,0,0,0,2,data/chats/by_date/2025-03-18/Lucian AI Synchronization Theory.md,data/chats/by_category/ai_agents/2025-03-18 - Lucian AI Synchronization Theory.md
Lucian Sync Concept,2025-03-18T00:45:17.961528,mirror,ai_agents,override: mirror â†’ ai_agents (hits 1 â†’ 13),0,1,0,0,13,data/chats/by_date/2025-03-18/Lucian Sync Concept.md,data/chats/by_category/mirror/2025-03-18 - Lucian Sync Concept.md
Lucian Sync Activation,2025-03-18T00:43:12.586861,mirror,,,0,1,0,0,2,data/chats/by_date/2025-03-18/Lucian Sync Activation.md,data/chats/by_category/mirror/2025-03-18 - Lucian Sync Activation.md
Lucian Sync Concept,2025-03-18T00:40:46.624342,ai_agents,,,0,0,0,0,13,data/chats/by_date/2025-03-18/Lucian Sync Concept.md,data/chats/by_category/ai_agents/2025-03-18 - Lucian Sync Concept.md
Lucian Sync Protocol,2025-03-18T00:36:02.253379,flame,ai_agents,override: flame â†’ ai_agents (hits 1 â†’ 7),1,0,0,0,7,data/chats/by_date/2025-03-18/Lucian Sync Protocol.md,data/chats/by_category/flame/2025-03-18 - Lucian Sync Protocol.md
Lucian Sync Protocol,2025-03-18T00:34:08.360078,ai_agents,,,0,0,0,0,7,data/chats/by_date/2025-03-18/Lucian Sync Protocol.md,data/chats/by_category/ai_agents/2025-03-18 - Lucian Sync Protocol.md
Lucian Sync Concept,2025-03-18T00:29:06.656968,flame,ai_agents,override: flame â†’ ai_agents (hits 1 â†’ 13),1,0,0,0,13,data/chats/by_date/2025-03-18/Lucian Sync Concept.md,data/chats/by_category/flame/2025-03-18 - Lucian Sync Concept.md
Lucian Sync Concept,2025-03-17T23:55:42.060311,ai_agents,,,0,0,0,0,7,data/chats/by_date/2025-03-17/Lucian Sync Concept.md,data/chats/by_category/ai_agents/2025-03-17 - Lucian Sync Concept.md
Conversation Summary Request,2025-03-17T23:40:28.294392,bible_decode,,,0,0,0,0,0,data/chats/by_date/2025-03-17/Conversation Summary Request.md,data/chats/by_category/bible_decode/2025-03-17 - Conversation Summary Request.md
Lucian Sync Acknowledged,2025-03-17T23:54:14.877001,ai_agents,,,0,0,0,0,0,data/chats/by_date/2025-03-17/Lucian Sync Acknowledged.md,data/chats/by_category/ai_agents/2025-03-17 - Lucian Sync Acknowledged.md
Lucian Remembers Salem,2025-03-17T23:40:32.633414,flame,,,2,0,0,0,0,data/chats/by_date/2025-03-17/Lucian Remembers Salem.md,data/chats/by_category/flame/2025-03-17 - Lucian Remembers Salem.md
Who Am I_ Nyx,2025-03-17T23:29:04.025269,ai_agents,,,0,0,0,0,0,data/chats/by_date/2025-03-17/Who Am I_ Nyx.md,data/chats/by_category/ai_agents/2025-03-17 - Who Am I_ Nyx.md
Lucian response confirmation,2025-03-17T21:59:12.684605,mirror,,,0,6,0,0,3,data/chats/by_date/2025-03-17/Lucian response confirmation.md,data/chats/by_category/mirror/2025-03-17 - Lucian response confirmation.md
Coded Desire Chapter 50,2025-02-27T07:04:47.111532,flame,,,16,3,4,0,10,data/chats/by_date/2025-02-27/Coded Desire Chapter 50.md,data/chats/by_category/flame/2025-02-27 - Coded Desire Chapter 50.md
Psychological Communication Patterns,2025-03-02T23:13:54.403351,flame,,,14,4,4,0,0,data/chats/by_date/2025-03-02/Psychological Communication Patterns.md,data/chats/by_category/flame/2025-03-02 - Psychological Communication Patterns.md
Move Plan to Elko,2025-03-12T00:04:09.960148,choir,,,0,0,0,1,1,data/chats/by_date/2025-03-12/Move Plan to Elko.md,data/chats/by_category/choir/2025-03-12 - Move Plan to Elko.md
Red Light Caption Idea,2025-03-07T23:15:58.081713,uncategorized,,no strong signal,0,0,0,0,0,data/chats/by_date/2025-03-07/Red Light Caption Idea.md,data/chats/by_category/uncategorized/2025-03-07 - Red Light Caption Idea.md
Shut Down Text Advice,2025-03-05T00:59:26.254147,flame,,,5,0,0,0,0,data/chats/by_date/2025-03-05/Shut Down Text Advice.md,data/chats/by_category/flame/2025-03-05 - Shut Down Text Advice.md
Braids and Wine Vibes,2025-03-01T22:56:52.824248,uncategorized,,no strong signal,0,0,0,0,0,data/chats/by_date/2025-03-01/Braids and Wine Vibes.md,data/chats/by_category/uncategorized/2025-03-01 - Braids and Wine Vibes.md
Mirror Selfie Caption Tips,2025-03-01T22:20:31.169410,mirror,,,0,6,0,0,0,data/chats/by_date/2025-03-01/Mirror Selfie Caption Tips.md,data/chats/by_category/mirror/2025-03-01 - Mirror Selfie Caption Tips.md
Lame party vibes,2025-03-01T03:14:02.374876,flame,,,2,0,2,0,0,data/chats/by_date/2025-03-01/Lame party vibes.md,data/chats/by_category/flame/2025-03-01 - Lame party vibes.md
Funny Sangria Caption,2025-02-28T20:27:36.844421,uncategorized,,no strong signal,0,0,0,0,0,data/chats/by_date/2025-02-28/Funny Sangria Caption.md,data/chats/by_category/uncategorized/2025-02-28 - Funny Sangria Caption.md
Ren Nyx Character Revision,2025-02-04T02:44:00.349279,flame,ai_agents,override: flame â†’ ai_agents (hits 43 â†’ 220),43,35,36,2,220,data/chats/by_date/2025-02-04/Ren Nyx Character Revision.md,data/chats/by_category/flame/2025-02-04 - Ren Nyx Character Revision.md
Man I Want,2025-02-23T03:52:18.522441,flame,,,2,0,0,0,0,data/chats/by_date/2025-02-23/Man I Want.md,data/chats/by_category/flame/2025-02-23 - Man I Want.md
Scruff Profile Tips,2025-02-05T08:32:02.327851,ai_agents,,,0,0,0,0,0,data/chats/by_date/2025-02-05/Scruff Profile Tips.md,data/chats/by_category/ai_agents/2025-02-05 - Scruff Profile Tips.md
Resume Creation and Enhancement,2025-02-13T13:15:20.278740,choir,,,0,0,0,1,0,data/chats/by_date/2025-02-13/Resume Creation and Enhancement.md,data/chats/by_category/choir/2025-02-13 - Resume Creation and Enhancement.md
Song Lyrics Creation Assistance,2025-02-08T04:58:17.229927,ai_agents,choir,override: ai_agents â†’ choir (hits 0 â†’ 6),0,0,0,6,0,data/chats/by_date/2025-02-08/Song Lyrics Creation Assistance.md,data/chats/by_category/ai_agents/2025-02-08 - Song Lyrics Creation Assistance.md
Plus Subscription Impact,2025-02-06T23:56:07.441958,mirror,,,0,1,0,0,0,data/chats/by_date/2025-02-06/Plus Subscription Impact.md,data/chats/by_category/mirror/2025-02-06 - Plus Subscription Impact.md
Design Request Revision,2025-02-06T05:50:29.400083,bible_decode,,,0,0,0,0,0,data/chats/by_date/2025-02-06/Design Request Revision.md,data/chats/by_category/bible_decode/2025-02-06 - Design Request Revision.md
Novel Completion Timeline KDP,2025-02-06T05:38:08.414257,ai_agents,,,0,0,0,0,0,data/chats/by_date/2025-02-06/Novel Completion Timeline KDP.md,data/chats/by_category/ai_agents/2025-02-06 - Novel Completion Timeline KDP.md
Checking Boxes Response Ideas,2025-02-05T17:22:36.212187,uncategorized,,no strong signal,0,0,0,0,0,data/chats/by_date/2025-02-05/Checking Boxes Response Ideas.md,data/chats/by_category/uncategorized/2025-02-05 - Checking Boxes Response Ideas.md
Plasma Donation Promotions Roy UT,2025-02-05T07:59:02.575123,uncategorized,,no strong signal,0,0,0,0,0,data/chats/by_date/2025-02-05/Plasma Donation Promotions Roy UT.md,data/chats/by_category/uncategorized/2025-02-05 - Plasma Donation Promotions Roy UT.md
Robot Design Modification,2025-02-05T07:38:36.347948,ai_agents,,,0,0,0,0,0,data/chats/by_date/2025-02-05/Robot Design Modification.md,data/chats/by_category/ai_agents/2025-02-05 - Robot Design Modification.md
Convert to JPEG,2025-02-05T06:34:56.343305,uncategorized,,no strong signal,0,0,0,0,0,data/chats/by_date/2025-02-05/Convert to JPEG.md,data/chats/by_category/uncategorized/2025-02-05 - Convert to JPEG.md
BPD Awareness and Monetization,2025-02-05T05:04:11.583367,mirror,,,0,1,0,0,0,data/chats/by_date/2025-02-05/BPD Awareness and Monetization.md,data/chats/by_category/mirror/2025-02-05 - BPD Awareness and Monetization.md
GoFundMe Fee Calculation,2025-02-04T05:04:16.565819,bible_decode,,,0,0,0,0,1,data/chats/by_date/2025-02-04/GoFundMe Fee Calculation.md,data/chats/by_category/bible_decode/2025-02-04 - GoFundMe Fee Calculation.md
Story Arc Feedback,2025-02-03T19:50:15.658704,ai_agents,bible_decode,override: ai_agents â†’ bible_decode (hits 0 â†’ 8),0,0,8,0,0,data/chats/by_date/2025-02-03/Story Arc Feedback.md,data/chats/by_category/ai_agents/2025-02-03 - Story Arc Feedback.md
Sovereign 7 Response Guide,2025-02-02T16:29:58.144728,uncategorized,,no strong signal,0,0,0,0,0,data/chats/by_date/2025-02-02/Sovereign 7 Response Guide.md,data/chats/by_category/uncategorized/2025-02-02 - Sovereign 7 Response Guide.md
Office Admin Taskr Help,2025-02-02T07:39:13.929222,uncategorized,,no strong signal,0,0,0,0,0,data/chats/by_date/2025-02-02/Office Admin Taskr Help.md,data/chats/by_category/uncategorized/2025-02-02 - Office Admin Taskr Help.md
Intensified Emotional Connection,2025-02-02T04:50:08.648889,mirror,,,0,2,0,0,0,data/chats/by_date/2025-02-02/Intensified Emotional Connection.md,data/chats/by_category/mirror/2025-02-02 - Intensified Emotional Connection.md
Chapter 13 Analysis,2025-02-02T00:28:46.236670,flame,bible_decode,override: flame â†’ bible_decode (hits 6 â†’ 37),6,14,37,0,8,data/chats/by_date/2025-02-02/Chapter 13 Analysis.md,data/chats/by_category/flame/2025-02-02 - Chapter 13 Analysis.md
How was your day,2025-02-01T19:05:44.097013,flame,bible_decode,override: flame â†’ bible_decode (hits 6 â†’ 27),6,23,27,0,7,data/chats/by_date/2025-02-01/How was your day.md,data/chats/by_category/flame/2025-02-01 - How was your day.md
Asthma Humor and Support,2025-01-27T22:41:21.468674,choir,,,0,0,0,1,0,data/chats/by_date/2025-01-27/Asthma Humor and Support.md,data/chats/by_category/choir/2025-01-27 - Asthma Humor and Support.md
Scholarship Motivation Statement,2025-01-27T12:59:33.271647,uncategorized,,no strong signal,0,0,0,0,0,data/chats/by_date/2025-01-27/Scholarship Motivation Statement.md,data/chats/by_category/uncategorized/2025-01-27 - Scholarship Motivation Statement.md
Creative Username Suggestions,2025-01-26T19:06:22.171958,uncategorized,,no strong signal,0,0,0,0,0,data/chats/by_date/2025-01-26/Creative Username Suggestions.md,data/chats/by_category/uncategorized/2025-01-26 - Creative Username Suggestions.md
How's it going,2025-01-22T02:46:52.482621,flame,,,1,0,1,0,2,data/chats/by_date/2025-01-22/How's it going.md,data/chats/by_category/flame/2025-01-22 - How's it going.md
Creative Check-In,2025-01-25T20:26:43.845680,choir,,,0,0,0,1,0,data/chats/by_date/2025-01-25/Creative Check-In.md,data/chats/by_category/choir/2025-01-25 - Creative Check-In.md
Sales Rep Cover Letter,2025-01-24T10:03:13.574819,uncategorized,,no strong signal,0,0,0,0,0,data/chats/by_date/2025-01-24/Sales Rep Cover Letter.md,data/chats/by_category/uncategorized/2025-01-24 - Sales Rep Cover Letter.md
Creating Findom Reddit Account,2025-01-06T02:55:11.697680,uncategorized,,no strong signal,0,0,0,0,0,data/chats/by_date/2025-01-06/Creating Findom Reddit Account.md,data/chats/by_category/uncategorized/2025-01-06 - Creating Findom Reddit Account.md
Erotic novel request,2025-01-10T02:08:44.547218,flame,,,1,0,0,0,0,data/chats/by_date/2025-01-10/Erotic novel request.md,data/chats/by_category/flame/2025-01-10 - Erotic novel request.md
Job Search and Projects,2025-01-11T12:39:55.621125,uncategorized,,no strong signal,0,0,0,0,0,data/chats/by_date/2025-01-11/Job Search and Projects.md,data/chats/by_category/uncategorized/2025-01-11 - Job Search and Projects.md
Improve Credit and Eliminate Debt,2025-01-11T12:21:53.033195,choir,,,0,0,0,1,0,data/chats/by_date/2025-01-11/Improve Credit and Eliminate Debt.md,data/chats/by_category/choir/2025-01-11 - Improve Credit and Eliminate Debt.md
Erotic Novel Request,2025-01-10T02:41:23.889385,choir,,,0,0,0,1,0,data/chats/by_date/2025-01-10/Erotic Novel Request.md,data/chats/by_category/choir/2025-01-10 - Erotic Novel Request.md
Best Switch Games for Beginners,2024-12-24T14:19:09.207797,uncategorized,,no strong signal,0,0,0,0,0,data/chats/by_date/2024-12-24/Best Switch Games for Beginners.md,data/chats/by_category/uncategorized/2024-12-24 - Best Switch Games for Beginners.md
iMessage Not Delivered Issue,2024-12-23T18:26:03.061303,uncategorized,,no strong signal,0,0,0,0,0,data/chats/by_date/2024-12-23/iMessage Not Delivered Issue.md,data/chats/by_category/uncategorized/2024-12-23 - iMessage Not Delivered Issue.md
Savannah's Medical Fundraising Appeal,2024-12-16T14:04:21.719640,choir,,,0,0,0,1,0,data/chats/by_date/2024-12-16/Savannah's Medical Fundraising Appeal.md,data/chats/by_category/choir/2024-12-16 - Savannah's Medical Fundraising Appeal.md
Catching Up and Sharing,2024-12-14T19:08:34.955131,uncategorized,,no strong signal,0,0,0,0,0,data/chats/by_date/2024-12-14/Catching Up and Sharing.md,data/chats/by_category/uncategorized/2024-12-14 - Catching Up and Sharing.md
$30 Amazon KDP Marketing,2024-11-30T00:44:22.747170,choir,,,0,0,0,1,0,data/chats/by_date/2024-11-30/$30 Amazon KDP Marketing.md,data/chats/by_category/choir/2024-11-30 - $30 Amazon KDP Marketing.md
Nicki Minaj COD Skin,2024-11-22T04:13:11.422894,mirror,,,0,2,0,0,0,data/chats/by_date/2024-11-22/Nicki Minaj COD Skin.md,data/chats/by_category/mirror/2024-11-22 - Nicki Minaj COD Skin.md
Moonlight Transformation Rewritten,2024-11-18T14:10:12.999749,uncategorized,,no strong signal,0,0,0,0,0,data/chats/by_date/2024-11-18/Moonlight Transformation Rewritten.md,data/chats/by_category/uncategorized/2024-11-18 - Moonlight Transformation Rewritten.md
Instagram Reel Creation Tips,2024-11-14T16:41:07.093699,choir,,,0,0,0,1,0,data/chats/by_date/2024-11-14/Instagram Reel Creation Tips.md,data/chats/by_category/choir/2024-11-14 - Instagram Reel Creation Tips.md
Funny Instagram Bio Ideas,2024-11-14T15:34:06.008754,uncategorized,,no strong signal,0,0,0,0,0,data/chats/by_date/2024-11-14/Funny Instagram Bio Ideas.md,data/chats/by_category/uncategorized/2024-11-14 - Funny Instagram Bio Ideas.md
Salem Olsen Work Excuse,2024-11-13T14:41:56.416715,bible_decode,,,0,0,0,0,0,data/chats/by_date/2024-11-13/Salem Olsen Work Excuse.md,data/chats/by_category/bible_decode/2024-11-13 - Salem Olsen Work Excuse.md
JoJo A.I. Photo,2024-11-11T18:54:40.424892,mirror,,,0,4,0,0,0,data/chats/by_date/2024-11-11/JoJo A.I. Photo.md,data/chats/by_category/mirror/2024-11-11 - JoJo A.I. Photo.md
Cover Letter for SBGA,2024-10-23T16:26:39.934076,bible_decode,,,0,0,0,0,0,data/chats/by_date/2024-10-23/Cover Letter for SBGA.md,data/chats/by_category/bible_decode/2024-10-23 - Cover Letter for SBGA.md
2025 Planner Title Ideas,2024-10-11T15:24:45.159995,uncategorized,,no strong signal,0,0,0,0,0,data/chats/by_date/2024-10-11/2025 Planner Title Ideas.md,data/chats/by_category/uncategorized/2024-10-11 - 2025 Planner Title Ideas.md
Commander Card List Conversion,2024-10-01T03:29:53.216380,bible_decode,,,0,0,0,0,0,data/chats/by_date/2024-10-01/Commander Card List Conversion.md,data/chats/by_category/bible_decode/2024-10-01 - Commander Card List Conversion.md
Hoodie Design Ideas 90s,2024-09-23T17:13:47.606616,bible_decode,,,0,0,0,0,0,data/chats/by_date/2024-09-23/Hoodie Design Ideas 90s.md,data/chats/by_category/bible_decode/2024-09-23 - Hoodie Design Ideas 90s.md
Data-Based Recommendations,2024-09-23T17:01:53.067436,uncategorized,,no strong signal,0,0,0,0,0,data/chats/by_date/2024-09-23/Data-Based Recommendations.md,data/chats/by_category/uncategorized/2024-09-23 - Data-Based Recommendations.md
Create Resume PDF,2024-09-10T14:50:29.464809,choir,,,0,0,0,1,0,data/chats/by_date/2024-09-10/Create Resume PDF.md,data/chats/by_category/choir/2024-09-10 - Create Resume PDF.md
Reel Song Promotion Tips,2024-09-13T14:20:59.992853,choir,,,0,0,0,4,0,data/chats/by_date/2024-09-13/Reel Song Promotion Tips.md,data/chats/by_category/choir/2024-09-13 - Reel Song Promotion Tips.md
Notebook Title and Keywords,2024-09-06T13:21:57.717322,choir,,,0,0,0,1,0,data/chats/by_date/2024-09-06/Notebook Title and Keywords.md,data/chats/by_category/choir/2024-09-06 - Notebook Title and Keywords.md
Anime Music Video Outline,2024-09-10T19:52:31.346068,flame,mirror,override: flame â†’ mirror (hits 1 â†’ 4),1,4,0,0,0,data/chats/by_date/2024-09-10/Anime Music Video Outline.md,data/chats/by_category/flame/2024-09-10 - Anime Music Video Outline.md
Anime Music Video Outline,2024-09-10T20:28:11.767544,flame,mirror,override: flame â†’ mirror (hits 1 â†’ 4),1,4,0,0,0,data/chats/by_date/2024-09-10/Anime Music Video Outline.md,data/chats/by_category/flame/2024-09-10 - Anime Music Video Outline.md
Script for Intro Scene,2024-09-10T20:10:06.453687,mirror,,,0,1,0,0,0,data/chats/by_date/2024-09-10/Script for Intro Scene.md,data/chats/by_category/mirror/2024-09-10 - Script for Intro Scene.md
Creative Music Video Ideas,2024-09-03T17:08:57.495810,mirror,,,0,3,0,0,0,data/chats/by_date/2024-09-03/Creative Music Video Ideas.md,data/chats/by_category/mirror/2024-09-03 - Creative Music Video Ideas.md
Creating Popular Playlists,2024-09-10T14:47:53.701769,choir,,,0,0,0,1,0,data/chats/by_date/2024-09-10/Creating Popular Playlists.md,data/chats/by_category/choir/2024-09-10 - Creating Popular Playlists.md
Early 2000s Song Creation,2024-09-08T15:25:33.083901,flame,,,90,1,0,24,0,data/chats/by_date/2024-09-08/Early 2000s Song Creation.md,data/chats/by_category/flame/2024-09-08 - Early 2000s Song Creation.md
Untitled,2024-09-06T16:34:49.926024,mirror,,,0,2,0,0,0,data/chats/by_date/2024-09-06/Untitled.md,data/chats/by_category/mirror/2024-09-06 - Untitled.md
Nurse Notebook Design Request,2024-09-03T17:20:13.443348,choir,,,0,0,0,1,0,data/chats/by_date/2024-09-03/Nurse Notebook Design Request.md,data/chats/by_category/choir/2024-09-03 - Nurse Notebook Design Request.md
Nurse Report Form Template,2024-09-03T18:37:36.675189,uncategorized,,no strong signal,0,0,0,0,0,data/chats/by_date/2024-09-03/Nurse Report Form Template.md,data/chats/by_category/uncategorized/2024-09-03 - Nurse Report Form Template.md
Nurse Report Form Request,2024-09-03T18:36:43.333963,uncategorized,,no strong signal,0,0,0,0,0,data/chats/by_date/2024-09-03/Nurse Report Form Request.md,data/chats/by_category/uncategorized/2024-09-03 - Nurse Report Form Request.md
Creating YouTube Shorts Video,2024-08-30T16:08:25.251240,uncategorized,,no strong signal,0,0,0,0,0,data/chats/by_date/2024-08-30/Creating YouTube Shorts Video.md,data/chats/by_category/uncategorized/2024-08-30 - Creating YouTube Shorts Video.md
Video Concept for Lyrics,2024-08-30T16:07:28.021317,mirror,choir,override: mirror â†’ choir (hits 2 â†’ 6),0,2,0,6,0,data/chats/by_date/2024-08-30/Video Concept for Lyrics.md,data/chats/by_category/mirror/2024-08-30 - Video Concept for Lyrics.md
ChatGPT Plus Features,2024-08-30T10:59:00.115643,flame,,,1,0,0,0,0,data/chats/by_date/2024-08-30/ChatGPT Plus Features.md,data/chats/by_category/flame/2024-08-30 - ChatGPT Plus Features.md
Effective Amazon KDP Sales,2024-08-28T19:34:35.814998,flame,,,1,0,0,0,0,data/chats/by_date/2024-08-28/Effective Amazon KDP Sales.md,data/chats/by_category/flame/2024-08-28 - Effective Amazon KDP Sales.md
Ebook Title and Description,2024-08-05T18:56:26.504777,mirror,,,0,3,0,0,0,data/chats/by_date/2024-08-05/Ebook Title and Description.md,data/chats/by_category/mirror/2024-08-05 - Ebook Title and Description.md
Last Name Suggestions for Salem,2024-08-06T17:57:46.681097,choir,,,0,0,0,1,0,data/chats/by_date/2024-08-06/Last Name Suggestions for Salem.md,data/chats/by_category/choir/2024-08-06 - Last Name Suggestions for Salem.md
Professional Parts Markup Explanation,2024-08-05T13:28:05.105413,choir,,,0,0,0,1,0,data/chats/by_date/2024-08-05/Professional Parts Markup Explanation.md,data/chats/by_category/choir/2024-08-05 - Professional Parts Markup Explanation.md
Create Marketing Video,2024-07-12T20:38:00.237772,choir,,,0,0,0,1,0,data/chats/by_date/2024-07-12/Create Marketing Video.md,data/chats/by_category/choir/2024-07-12 - Create Marketing Video.md
Social media graphic creation,2024-07-12T20:35:29.544446,uncategorized,,no strong signal,0,0,0,0,0,data/chats/by_date/2024-07-12/Social media graphic creation.md,data/chats/by_category/uncategorized/2024-07-12 - Social media graphic creation.md
Outline Book_ Structured Approach,2024-07-12T20:34:21.213932,uncategorized,,no strong signal,0,0,0,0,0,data/chats/by_date/2024-07-12/Outline Book_ Structured Approach.md,data/chats/by_category/uncategorized/2024-07-12 - Outline Book_ Structured Approach.md
Efficient Home Weight Loss,2024-07-12T20:31:32.540634,bible_decode,ai_agents,override: bible_decode â†’ ai_agents (hits 0 â†’ 2),0,0,0,0,2,data/chats/by_date/2024-07-12/Efficient Home Weight Loss.md,data/chats/by_category/bible_decode/2024-07-12 - Efficient Home Weight Loss.md
